Workbook
Name flag1: INDIRECT('VM-tipset 2026 mall'!$AV$204)
Name flag10: INDIRECT('VM-tipset 2026 mall'!#REF!)
Name flag11: INDIRECT('VM-tipset 2026 mall'!#REF!)
Name flag12: INDIRECT('VM-tipset 2026 mall'!#REF!)
Name flag13: INDIRECT('VM-tipset 2026 mall'!#REF!)
Name flag14: INDIRECT('VM-tipset 2026 mall'!#REF!)
Name flag15: INDIRECT('VM-tipset 2026 mall'!#REF!)
Name flag16: INDIRECT('VM-tipset 2026 mall'!#REF!)
Name flag17: INDIRECT('VM-tipset 2026 mall'!#REF!)
Name flag18: INDIRECT('VM-tipset 2026 mall'!#REF!)
Name flag19: INDIRECT('VM-tipset 2026 mall'!#REF!)
Name flag2: INDIRECT('VM-tipset 2026 mall'!$AV$205)
Name flag20: INDIRECT('VM-tipset 2026 mall'!#REF!)
Name flag21: INDIRECT('VM-tipset 2026 mall'!#REF!)
Name flag22: INDIRECT('VM-tipset 2026 mall'!#REF!)
Name flag23: INDIRECT('VM-tipset 2026 mall'!#REF!)
Name flag24: INDIRECT('VM-tipset 2026 mall'!#REF!)
Name flag25: INDIRECT('VM-tipset 2026 mall'!#REF!)
Name flag26: INDIRECT('VM-tipset 2026 mall'!#REF!)
Name flag27: INDIRECT('VM-tipset 2026 mall'!#REF!)
Name flag28: INDIRECT('VM-tipset 2026 mall'!#REF!)
Name flag29: INDIRECT('VM-tipset 2026 mall'!#REF!)
Name flag3: INDIRECT('VM-tipset 2026 mall'!$AV$206)
Name flag30: INDIRECT('VM-tipset 2026 mall'!#REF!)
Name flag31: INDIRECT('VM-tipset 2026 mall'!#REF!)
Name flag32: INDIRECT('VM-tipset 2026 mall'!#REF!)
Name flag4: INDIRECT('VM-tipset 2026 mall'!$AV$207)
Name flag5: INDIRECT('VM-tipset 2026 mall'!$AV$212)
Name flag6: INDIRECT('VM-tipset 2026 mall'!$AV$213)
Name flag7: INDIRECT('VM-tipset 2026 mall'!$AV$214)
Name flag8: INDIRECT('VM-tipset 2026 mall'!#REF!)
Name flag9: INDIRECT('VM-tipset 2026 mall'!#REF!)

Sheet VM-tipset 2026 mall
BD1: Resultatpoäng | BG1: 1X2 | BN1: Tabell poäng | BV1: Mål faktiskt resultat | BY1: Ranking | BZ1: Land | CA1: Ranking | CB1: Land
C2: Ditt spel | AB2: Resultat | BV2: 0
BV3: 1 | BY3: 1 | BZ3: Spanien | CA3: 25 | CB3: Turkiet
C4: Ditt namn: | BV4: 2 | BY4: 2 | BZ4: Argentina | CA4: 26 | CB4: Skottland
AB5: - När turneringen har startat fyller du i det rätta resultatet. På så vis rättar du din kupong för varje spelad match. Mest för du själv ska ha koll på dina poäng. Efter varje spelad omgång uppdateras dina poäng på länken nedan "Poängställning" - Annan information kommer uppdateras på Facebook i gruppen VM-tipset 2026 | BV5: 3 | BY5: 3 | BZ5: Frankrike | CA5: 27 | CB5: Sverige
C6: Din email: | W6: Dina poäng | BV6: 4 | BY6: 4 | BZ6: England | CA6: 28 | CB6: Egypten
BV7: 5 | BY7: 5 | BZ7: Brasilien | CA7: 29 | CB7: Algeriet
C8: Din poäng | G8: =J174 -> 0 | BV8: 6 | BY8: 6 | BZ8: Portugal | CA8: 30 | CB8: Tunisien
W9: Resultatpoäng | X9: 1X2 Poäng | Y9: Tabellpoäng | BV9: 7 | BY9: 7 | BZ9: Nederländerna | CA9: 31 | CB9: Paraguay
C10: << Instruktioner >> | BV10: 8 | BY10: 8 | BZ10: Marocko | CA10: 32 | CB10: Elfenbenskusten
AB11: <<Poängställning - KLICKA HÄR>> | BV11: 9 | BY11: 9 | BZ11: Belgien | CA11: 33 | CB11: Tjeckien
C12: Resultat = 2p | H12: 1X2 = 1p | K12: Sluttabell = 2p/lag | BY12: 10 | BZ12: Tyskland | CA12: 34 | CB12: Bosnien och Hercegovina
A13: Match nr | B13: Grupp A | G13: 1 | H13: X | I13: 2 | K13: Grupp A | L13: S | M13: V | N13: O | O13: F | P13: GM | Q13: IM | R13: M+/- | S13: Poäng | AB13: Grupp A | AG13: 1 | AH13: X | AI13: 2 | AK13: Grupp A | BN13: Tabell poäng | BY13: 11 | BZ13: Kroatien | CA13: 35 | CB13: Saudiarabien
A14: M1 | B14: =BP76 -> Mexiko | D14: ― | F14: =BP77 -> Sydafrika | G14: =IF(C14>E14,1," ") | H14: =IF(C14="","",+IF(C14=E14,1," ")) | I14: =IF(C14<E14,1," ") | J14: 1 | K14: ='Grupp A'!L7 -> Mexiko | L14: ='Grupp A'!M7 -> 0 | M14: ='Grupp A'!N7 -> 0 | N14: ='Grupp A'!O7 -> 0 | O14: ='Grupp A'!P7 -> 0 | P14: ='Grupp A'!Q7 -> 0 | Q14: ='Grupp A'!R7 -> 0 | R14: ='Grupp A'!S7 -> 0 | S14: ='Grupp A'!T7 -> 0 | W14: =IF(AC14="","",AY14) | X14: =IF(AC14="","",BF14) | Y14: =IF(AK14=0,"",BG14) | AA14: =IF(A14=$G$6,">>"," ") | AB14: =B14 -> Mexiko | AD14: ― | AF14: =F14 -> Sydafrika | AG14: =IF(AC14>AE14,1," ") | AH14: =IF(AC14="","",+IF(AC14=AE14,1," ")) | AI14: =IF(AC14<AE14,1," ") | AJ14: 1 | AW14: =IF(C14=AC14,1,0)+IF(AE14=E14,1,0) -> 2 | AX14: --> | AY14: =IF(AW14=2,2,0) -> 2 | AZ14: =AG14+G14 -> #VALUE! | BA14: =AH14+H14 -> #VALUE! | BB14: =AI14+I14 -> #VALUE! | BC14: --> | BD14: =COUNTIF(AZ14:BB14,2) -> 0 | BE14: --> | BF14: =IF(BD14=1,1,0) -> 0 | BG14: =IF(AK14=K14,2,0) -> 0 | BY14: 12 | BZ14: USA | CA14: 36 | CB14: Sydkorea
A15: M2 | B15: =BP78 -> Sydkorea | D15: ― | F15: =BP79 -> Tjeckien | G15: =IF(C15>E15,1," ") | H15: =IF(C15="","",+IF(C15=E15,1," ")) | I15: =IF(C15<E15,1," ") | J15: 2 | K15: ='Grupp A'!L8 -> Sydafrika | L15: ='Grupp A'!M8 -> 0 | M15: ='Grupp A'!N8 -> 0 | N15: ='Grupp A'!O8 -> 0 | O15: ='Grupp A'!P8 -> 0 | P15: ='Grupp A'!Q8 -> 0 | Q15: ='Grupp A'!R8 -> 0 | R15: ='Grupp A'!S8 -> 0 | S15: ='Grupp A'!T8 -> 0 | W15: =IF(AC15="","",AY15) | X15: =IF(AC15="","",BF15) | Y15: =IF(AK15=0,"",BG15) | AA15: =IF(A15=$G$6,">>"," ") | AB15: =B15 -> Sydkorea | AD15: ― | AF15: =F15 -> Tjeckien | AG15: =IF(AC15>AE15,1," ") | AH15: =IF(AC15="","",+IF(AC15=AE15,1," ")) | AI15: =IF(AC15<AE15,1," ") | AJ15: 2 | AW15: =IF(C15=AC15,1,0)+IF(AE15=E15,1,0) -> 2 | AX15: --> | AY15: =IF(AW15=2,2,0) -> 2 | AZ15: =AG15+G15 -> #VALUE! | BA15: =AH15+H15 -> #VALUE! | BB15: =AI15+I15 -> #VALUE! | BC15: --> | BD15: =COUNTIF(AZ15:BB15,2) -> 0 | BE15: --> | BF15: =IF(BD15=1,1,0) -> 0 | BG15: =IF(AK15=K15,2,0) -> 0 | BY15: 13 | BZ15: Mexiko | CA15: 37 | CB15: Qatar
A16: M3 | B16: =BP76 -> Mexiko | D16: ― | F16: =BP78 -> Sydkorea | G16: =IF(C16>E16,1," ") | H16: =IF(C16="","",+IF(C16=E16,1," ")) | I16: =IF(C16<E16,1," ") | J16: 3 | K16: ='Grupp A'!L9 -> Sydkorea | L16: ='Grupp A'!M9 -> 0 | M16: ='Grupp A'!N9 -> 0 | N16: ='Grupp A'!O9 -> 0 | O16: ='Grupp A'!P9 -> 0 | P16: ='Grupp A'!Q9 -> 0 | Q16: ='Grupp A'!R9 -> 0 | R16: ='Grupp A'!S9 -> 0 | S16: ='Grupp A'!T9 -> 0 | W16: =IF(AC16="","",AY16) | X16: =IF(AC16="","",BF16) | Y16: =IF(AK16=0,"",BG16) | AA16: =IF(A16=$G$6,">>"," ") | AB16: =B16 -> Mexiko | AD16: ― | AF16: =F16 -> Sydkorea | AG16: =IF(AC16>AE16,1," ") | AH16: =IF(AC16="","",+IF(AC16=AE16,1," ")) | AI16: =IF(AC16<AE16,1," ") | AJ16: 3 | AW16: =IF(C16=AC16,1,0)+IF(AE16=E16,1,0) -> 2 | AX16: --> | AY16: =IF(AW16=2,2,0) -> 2 | AZ16: =AG16+G16 -> #VALUE! | BA16: =AH16+H16 -> #VALUE! | BB16: =AI16+I16 -> #VALUE! | BC16: --> | BD16: =COUNTIF(AZ16:BB16,2) -> 0 | BE16: --> | BF16: =IF(BD16=1,1,0) -> 0 | BG16: =IF(AK16=K16,2,0) -> 0 | BY16: 14 | BZ16: Uruguay | CA16: 38 | CB16: Ghana
A17: M4 | B17: =BP77 -> Sydafrika | D17: ― | F17: =BP79 -> Tjeckien | G17: =IF(C17>E17,1," ") | H17: =IF(C17="","",+IF(C17=E17,1," ")) | I17: =IF(C17<E17,1," ") | J17: 4 | K17: ='Grupp A'!L10 -> Tjeckien | L17: ='Grupp A'!M10 -> 0 | M17: ='Grupp A'!N10 -> 0 | N17: ='Grupp A'!O10 -> 0 | O17: ='Grupp A'!P10 -> 0 | P17: ='Grupp A'!Q10 -> 0 | Q17: ='Grupp A'!R10 -> 0 | R17: ='Grupp A'!S10 -> 0 | S17: ='Grupp A'!T10 -> 0 | W17: =IF(AC17="","",AY17) | X17: =IF(AC17="","",BF17) | Y17: =IF(AK17=0,"",BG17) | AA17: =IF(A17=$G$6,">>"," ") | AB17: =B17 -> Sydafrika | AD17: ― | AF17: =F17 -> Tjeckien | AG17: =IF(AC17>AE17,1," ") | AH17: =IF(AC17="","",+IF(AC17=AE17,1," ")) | AI17: =IF(AC17<AE17,1," ") | AJ17: 4 | AW17: =IF(C17=AC17,1,0)+IF(AE17=E17,1,0) -> 2 | AX17: --> | AY17: =IF(AW17=2,2,0) -> 2 | AZ17: =AG17+G17 -> #VALUE! | BA17: =AH17+H17 -> #VALUE! | BB17: =AI17+I17 -> #VALUE! | BC17: --> | BD17: =COUNTIF(AZ17:BB17,2) -> 0 | BE17: --> | BF17: =IF(BD17=1,1,0) -> 0 | BG17: =IF(AK17=K17,2,0) -> 0 | BY17: 15 | BZ17: Colombia | CA17: 39 | CB17: Panama
A18: M5 | B18: =BP76 -> Mexiko | D18: ― | F18: =BP79 -> Tjeckien | G18: =IF(C18>E18,1," ") | H18: =IF(C18="","",+IF(C18=E18,1," ")) | I18: =IF(C18<E18,1," ") | W18: =IF(AC18="","",AY18) | X18: =IF(AC18="","",BF18) | AA18: =IF(A18=$G$6,">>"," ") | AB18: =B18 -> Mexiko | AD18: ― | AF18: =F18 -> Tjeckien | AG18: =IF(AC18>AE18,1," ") | AH18: =IF(AC18="","",+IF(AC18=AE18,1," ")) | AI18: =IF(AC18<AE18,1," ") | AW18: =IF(C18=AC18,1,0)+IF(AE18=E18,1,0) -> 2 | AX18: --> | AY18: =IF(AW18=2,2,0) -> 2 | AZ18: =AG18+G18 -> #VALUE! | BA18: =AH18+H18 -> #VALUE! | BB18: =AI18+I18 -> #VALUE! | BC18: --> | BD18: =COUNTIF(AZ18:BB18,2) -> 0 | BE18: --> | BF18: =IF(BD18=1,1,0) -> 0 | BY18: 16 | BZ18: Schweiz | CA18: 40 | CB18: Sydafrika
A19: M6 | B19: =BP77 -> Sydafrika | D19: ― | F19: =BP78 -> Sydkorea | G19: =IF(C19>E19,1," ") | H19: =IF(C19="","",+IF(C19=E19,1," ")) | I19: =IF(C19<E19,1," ") | W19: =IF(AC19="","",AY19) | X19: =IF(AC19="","",BF19) | AA19: =IF(A19=$G$6,">>"," ") | AB19: =B19 -> Sydafrika | AD19: ― | AF19: =F19 -> Sydkorea | AG19: =IF(AC19>AE19,1," ") | AH19: =IF(AC19="","",+IF(AC19=AE19,1," ")) | AI19: =IF(AC19<AE19,1," ") | AW19: =IF(C19=AC19,1,0)+IF(AE19=E19,1,0) -> 2 | AX19: --> | AY19: =IF(AW19=2,2,0) -> 2 | AZ19: =AG19+G19 -> #VALUE! | BA19: =AH19+H19 -> #VALUE! | BB19: =AI19+I19 -> #VALUE! | BC19: --> | BD19: =COUNTIF(AZ19:BB19,2) -> 0 | BE19: --> | BF19: =IF(BD19=1,1,0) -> 0 | BY19: 17 | BZ19: Japan | CA19: 41 | CB19: Irak
W20: =SUM(W14:Y19) -> 0 | X20: av | Y20: Max 26 | BK20: Polen | BY20: 18 | BZ20: Iran | CA20: 42 | CB20: Kap Verde
B21: Grupp B | G21: 1 | H21: X | I21: 2 | K21: Grupp B | L21: S | M21: V | N21: O | O21: F | P21: GM | Q21: IM | R21: M+/- | S21: Poäng | AB21: Grupp B | AG21: 1 | AH21: X | AI21: 2 | AK21: Grupp B | BK21: Portugal | BY21: 19 | BZ21: Senegal | CA21: 43 | CB21: Demokratiska republiken Kongo
A22: M7 | B22: =BP81 -> Kanada | D22: ― | F22: =BP82 -> Bosnien | G22: =IF(C22>E22,1," ") | H22: =IF(C22="","",+IF(C22=E22,1," ")) | I22: =IF(C22<E22,1," ") | J22: 1 | K22: ='Grupp B'!L7 -> Kanada | L22: ='Grupp B'!M7 -> 0 | M22: ='Grupp B'!N7 -> 0 | N22: ='Grupp B'!O7 -> 0 | O22: ='Grupp B'!P7 -> 0 | P22: ='Grupp B'!Q7 -> 0 | Q22: ='Grupp B'!R7 -> 0 | R22: ='Grupp B'!S7 -> 0 | S22: ='Grupp B'!T7 -> 0 | W22: =IF(AC22="","",AY22) | X22: =IF(AC22="","",BF22) | Y22: =IF(AK22=0,"",BG22) | AB22: =B22 -> Kanada | AD22: ― | AF22: =F22 -> Bosnien | AG22: =IF(AC22>AE22,1," ") | AH22: =IF(AC22="","",+IF(AC22=AE22,1," ")) | AI22: =IF(AC22<AE22,1," ") | AJ22: 1 | AW22: =IF(C22=AC22,1,0)+IF(AE22=E22,1,0) -> 2 | AX22: --> | AY22: =IF(AW22=2,2,0) -> 2 | AZ22: =AG22+G22 -> #VALUE! | BA22: =AH22+H22 -> #VALUE! | BB22: =AI22+I22 -> #VALUE! | BC22: --> | BD22: =COUNTIF(AZ22:BB22,2) -> 0 | BE22: --> | BF22: =IF(BD22=1,1,0) -> 0 | BG22: =IF(AK22=K22,2,0) -> 0 | BK22: Qatar | BY22: 20 | BZ22: Danmark | CA22: 44 | CB22: Uzbekistan
A23: M8 | B23: =BP83 -> Qatar | D23: ― | F23: =BP84 -> Schweiz | G23: =IF(C23>E23,1," ") | H23: =IF(C23="","",+IF(C23=E23,1," ")) | I23: =IF(C23<E23,1," ") | J23: 2 | K23: ='Grupp B'!L8 -> Bosnien | L23: ='Grupp B'!M8 -> 0 | M23: ='Grupp B'!N8 -> 0 | N23: ='Grupp B'!O8 -> 0 | O23: ='Grupp B'!P8 -> 0 | P23: ='Grupp B'!Q8 -> 0 | Q23: ='Grupp B'!R8 -> 0 | R23: ='Grupp B'!S8 -> 0 | S23: ='Grupp B'!T8 -> 0 | W23: =IF(AC23="","",AY23) | X23: =IF(AC23="","",BF23) | Y23: =IF(AK23=0,"",BG23) | AB23: =B23 -> Qatar | AD23: ― | AF23: =F23 -> Schweiz | AG23: =IF(AC23>AE23,1," ") | AH23: =IF(AC23="","",+IF(AC23=AE23,1," ")) | AI23: =IF(AC23<AE23,1," ") | AJ23: 2 | AW23: =IF(C23=AC23,1,0)+IF(AE23=E23,1,0) -> 2 | AX23: --> | AY23: =IF(AW23=2,2,0) -> 2 | AZ23: =AG23+G23 -> #VALUE! | BA23: =AH23+H23 -> #VALUE! | BB23: =AI23+I23 -> #VALUE! | BC23: --> | BD23: =COUNTIF(AZ23:BB23,2) -> 0 | BE23: --> | BF23: =IF(BD23=1,1,0) -> 0 | BG23: =IF(AK23=K23,2,0) -> 0 | BK23: Saudiarabien | BY23: 21 | BZ23: Österrike | CA23: 45 | CB23: Kanada
A24: M9 | B24: =BP81 -> Kanada | D24: ― | F24: =BP83 -> Qatar | G24: =IF(C24>E24,1," ") | H24: =IF(C24="","",+IF(C24=E24,1," ")) | I24: =IF(C24<E24,1," ") | J24: 3 | K24: ='Grupp B'!L9 -> Qatar | L24: ='Grupp B'!M9 -> 0 | M24: ='Grupp B'!N9 -> 0 | N24: ='Grupp B'!O9 -> 0 | O24: ='Grupp B'!P9 -> 0 | P24: ='Grupp B'!Q9 -> 0 | Q24: ='Grupp B'!R9 -> 0 | R24: ='Grupp B'!S9 -> 0 | S24: ='Grupp B'!T9 -> 0 | W24: =IF(AC24="","",AY24) | X24: =IF(AC24="","",BF24) | Y24: =IF(AK24=0,"",BG24) | AB24: =B24 -> Kanada | AD24: ― | AF24: =F24 -> Qatar | AG24: =IF(AC24>AE24,1," ") | AH24: =IF(AC24="","",+IF(AC24=AE24,1," ")) | AI24: =IF(AC24<AE24,1," ") | AJ24: 3 | AW24: =IF(C24=AC24,1,0)+IF(AE24=E24,1,0) -> 2 | AX24: --> | AY24: =IF(AW24=2,2,0) -> 2 | AZ24: =AG24+G24 -> #VALUE! | BA24: =AH24+H24 -> #VALUE! | BB24: =AI24+I24 -> #VALUE! | BC24: --> | BD24: =COUNTIF(AZ24:BB24,2) -> 0 | BE24: --> | BF24: =IF(BD24=1,1,0) -> 0 | BG24: =IF(AK24=K24,2,0) -> 0 | BK24: Schweiz | BY24: 22 | BZ24: Australien | CA24: 46 | CB24: Jordanien
A25: M10 | B25: =BP82 -> Bosnien | D25: ― | F25: =BP84 -> Schweiz | G25: =IF(C25>E25,1," ") | H25: =IF(C25="","",+IF(C25=E25,1," ")) | I25: =IF(C25<E25,1," ") | J25: 4 | K25: ='Grupp B'!L10 -> Schweiz | L25: ='Grupp B'!M10 -> 0 | M25: ='Grupp B'!N10 -> 0 | N25: ='Grupp B'!O10 -> 0 | O25: ='Grupp B'!P10 -> 0 | P25: ='Grupp B'!Q10 -> 0 | Q25: ='Grupp B'!R10 -> 0 | R25: ='Grupp B'!S10 -> 0 | S25: ='Grupp B'!T10 -> 0 | W25: =IF(AC25="","",AY25) | X25: =IF(AC25="","",BF25) | Y25: =IF(AK25=0,"",BG25) | AB25: =B25 -> Bosnien | AD25: ― | AF25: =F25 -> Schweiz | AG25: =IF(AC25>AE25,1," ") | AH25: =IF(AC25="","",+IF(AC25=AE25,1," ")) | AI25: =IF(AC25<AE25,1," ") | AJ25: 4 | AW25: =IF(C25=AC25,1,0)+IF(AE25=E25,1,0) -> 2 | AX25: --> | AY25: =IF(AW25=2,2,0) -> 2 | AZ25: =AG25+G25 -> #VALUE! | BA25: =AH25+H25 -> #VALUE! | BB25: =AI25+I25 -> #VALUE! | BC25: --> | BD25: =COUNTIF(AZ25:BB25,2) -> 0 | BE25: --> | BF25: =IF(BD25=1,1,0) -> 0 | BG25: =IF(AK25=K25,2,0) -> 0 | BK25: Senegal | BY25: 23 | BZ25: Ecuador | CA25: 47 | CB25: Haiti
A26: M11 | B26: =BP81 -> Kanada | D26: ― | F26: =BP84 -> Schweiz | G26: =IF(C26>E26,1," ") | H26: =IF(C26="","",+IF(C26=E26,1," ")) | I26: =IF(C26<E26,1," ") | W26: =IF(AC26="","",AY26) | X26: =IF(AC26="","",BF26) | AB26: =B26 -> Kanada | AD26: ― | AF26: =F26 -> Schweiz | AG26: =IF(AC26>AE26,1," ") | AH26: =IF(AC26="","",+IF(AC26=AE26,1," ")) | AI26: =IF(AC26<AE26,1," ") | AW26: =IF(C26=AC26,1,0)+IF(AE26=E26,1,0) -> 2 | AX26: --> | AY26: =IF(AW26=2,2,0) -> 2 | AZ26: =AG26+G26 -> #VALUE! | BA26: =AH26+H26 -> #VALUE! | BB26: =AI26+I26 -> #VALUE! | BC26: --> | BD26: =COUNTIF(AZ26:BB26,2) -> 0 | BE26: --> | BF26: =IF(BD26=1,1,0) -> 0 | BK26: Serbien | BY26: 24 | BZ26: Norge | CA26: 48 | CB26: Curaçao
A27: M12 | B27: =BP82 -> Bosnien | D27: ― | F27: =BP83 -> Qatar | G27: =IF(C27>E27,1," ") | H27: =IF(C27="","",+IF(C27=E27,1," ")) | I27: =IF(C27<E27,1," ") | W27: =IF(AC27="","",AY27) | X27: =IF(AC27="","",BF27) | AB27: =B27 -> Bosnien | AD27: ― | AF27: =F27 -> Qatar | AG27: =IF(AC27>AE27,1," ") | AH27: =IF(AC27="","",+IF(AC27=AE27,1," ")) | AI27: =IF(AC27<AE27,1," ") | AW27: =IF(C27=AC27,1,0)+IF(AE27=E27,1,0) -> 2 | AX27: --> | AY27: =IF(AW27=2,2,0) -> 2 | AZ27: =AG27+G27 -> #VALUE! | BA27: =AH27+H27 -> #VALUE! | BB27: =AI27+I27 -> #VALUE! | BC27: --> | BD27: =COUNTIF(AZ27:BB27,2) -> 0 | BE27: --> | BF27: =IF(BD27=1,1,0) -> 0 | BK27: Spanien
W28: =SUM(W22:Y27) -> 0 | X28: av | Y28: Max 26 | BK28: Sydkorea
B29: Grupp C | G29: 1 | H29: X | I29: 2 | K29: Grupp C | L29: S | M29: V | N29: O | O29: F | P29: GM | Q29: IM | R29: M+/- | S29: Poäng | AB29: Grupp C | AG29: 1 | AH29: X | AI29: 2 | AK29: Grupp C | BK29: Tunisien
A30: M13 | B30: =BP86 -> Brasilien | D30: ― | F30: =BP87 -> Marocko | G30: =IF(C30>E30,1," ") | H30: =IF(C30="","",+IF(C30=E30,1," ")) | I30: =IF(C30<E30,1," ") | J30: 1 | K30: ='Grupp C'!L7 -> Brasilien | L30: ='Grupp C'!M7 -> 0 | M30: ='Grupp C'!N7 -> 0 | N30: ='Grupp C'!O7 -> 0 | O30: ='Grupp C'!P7 -> 0 | P30: ='Grupp C'!Q7 -> 0 | Q30: ='Grupp C'!R7 -> 0 | R30: ='Grupp C'!S7 -> 0 | S30: ='Grupp C'!T7 -> 0 | W30: =IF(AC30="","",AY30) | X30: =IF(AC30="","",BF30) | Y30: =IF(AK30=0,"",BG30) | AB30: =B30 -> Brasilien | AD30: ― | AF30: =F30 -> Marocko | AG30: =IF(AC30>AE30,1," ") | AH30: =IF(AC30="","",+IF(AC30=AE30,1," ")) | AI30: =IF(AC30<AE30,1," ") | AJ30: 1 | AW30: =IF(C30=AC30,1,0)+IF(AE30=E30,1,0) -> 2 | AX30: --> | AY30: =IF(AW30=2,2,0) -> 2 | AZ30: =AG30+G30 -> #VALUE! | BA30: =AH30+H30 -> #VALUE! | BB30: =AI30+I30 -> #VALUE! | BC30: --> | BD30: =COUNTIF(AZ30:BB30,2) -> 0 | BE30: --> | BF30: =IF(BD30=1,1,0) -> 0 | BG30: =IF(AK30=K30,2,0) -> 0 | BK30: Tyskland
A31: M14 | B31: =BP88 -> Haiti | D31: ― | F31: =BP89 -> Skottland | G31: =IF(C31>E31,1," ") | H31: =IF(C31="","",+IF(C31=E31,1," ")) | I31: =IF(C31<E31,1," ") | J31: 2 | K31: ='Grupp C'!L8 -> Marocko | L31: ='Grupp C'!M8 -> 0 | M31: ='Grupp C'!N8 -> 0 | N31: ='Grupp C'!O8 -> 0 | O31: ='Grupp C'!P8 -> 0 | P31: ='Grupp C'!Q8 -> 0 | Q31: ='Grupp C'!R8 -> 0 | R31: ='Grupp C'!S8 -> 0 | S31: ='Grupp C'!T8 -> 0 | W31: =IF(AC31="","",AY31) | X31: =IF(AC31="","",BF31) | Y31: =IF(AK31=0,"",BG31) | AB31: =B31 -> Haiti | AD31: ― | AF31: =F31 -> Skottland | AG31: =IF(AC31>AE31,1," ") | AH31: =IF(AC31="","",+IF(AC31=AE31,1," ")) | AI31: =IF(AC31<AE31,1," ") | AJ31: 2 | AW31: =IF(C31=AC31,1,0)+IF(AE31=E31,1,0) -> 2 | AX31: --> | AY31: =IF(AW31=2,2,0) -> 2 | AZ31: =AG31+G31 -> #VALUE! | BA31: =AH31+H31 -> #VALUE! | BB31: =AI31+I31 -> #VALUE! | BC31: --> | BD31: =COUNTIF(AZ31:BB31,2) -> 0 | BE31: --> | BF31: =IF(BD31=1,1,0) -> 0 | BG31: =IF(AK31=K31,2,0) -> 0 | BK31: Uruguay
A32: M15 | B32: =BP86 -> Brasilien | D32: ― | F32: =BP88 -> Haiti | G32: =IF(C32>E32,1," ") | H32: =IF(C32="","",+IF(C32=E32,1," ")) | I32: =IF(C32<E32,1," ") | J32: 3 | K32: ='Grupp C'!L9 -> Haiti | L32: ='Grupp C'!M9 -> 0 | M32: ='Grupp C'!N9 -> 0 | N32: ='Grupp C'!O9 -> 0 | O32: ='Grupp C'!P9 -> 0 | P32: ='Grupp C'!Q9 -> 0 | Q32: ='Grupp C'!R9 -> 0 | R32: ='Grupp C'!S9 -> 0 | S32: ='Grupp C'!T9 -> 0 | W32: =IF(AC32="","",AY32) | X32: =IF(AC32="","",BF32) | Y32: =IF(AK32=0,"",BG32) | AB32: =B32 -> Brasilien | AD32: ― | AF32: =F32 -> Haiti | AG32: =IF(AC32>AE32,1," ") | AH32: =IF(AC32="","",+IF(AC32=AE32,1," ")) | AI32: =IF(AC32<AE32,1," ") | AJ32: 3 | AW32: =IF(C32=AC32,1,0)+IF(AE32=E32,1,0) -> 2 | AX32: --> | AY32: =IF(AW32=2,2,0) -> 2 | AZ32: =AG32+G32 -> #VALUE! | BA32: =AH32+H32 -> #VALUE! | BB32: =AI32+I32 -> #VALUE! | BC32: --> | BD32: =COUNTIF(AZ32:BB32,2) -> 0 | BE32: --> | BF32: =IF(BD32=1,1,0) -> 0 | BG32: =IF(AK32=K32,2,0) -> 0 | BK32: USA
A33: M16 | B33: =BP87 -> Marocko | D33: ― | F33: =BP89 -> Skottland | G33: =IF(C33>E33,1," ") | H33: =IF(C33="","",+IF(C33=E33,1," ")) | I33: =IF(C33<E33,1," ") | J33: 4 | K33: ='Grupp C'!L10 -> Skottland | L33: ='Grupp C'!M10 -> 0 | M33: ='Grupp C'!N10 -> 0 | N33: ='Grupp C'!O10 -> 0 | O33: ='Grupp C'!P10 -> 0 | P33: ='Grupp C'!Q10 -> 0 | Q33: ='Grupp C'!R10 -> 0 | R33: ='Grupp C'!S10 -> 0 | S33: ='Grupp C'!T10 -> 0 | W33: =IF(AC33="","",AY33) | X33: =IF(AC33="","",BF33) | Y33: =IF(AK33=0,"",BG33) | AB33: =B33 -> Marocko | AD33: ― | AF33: =F33 -> Skottland | AG33: =IF(AC33>AE33,1," ") | AH33: =IF(AC33="","",+IF(AC33=AE33,1," ")) | AI33: =IF(AC33<AE33,1," ") | AJ33: 4 | AW33: =IF(C33=AC33,1,0)+IF(AE33=E33,1,0) -> 2 | AX33: --> | AY33: =IF(AW33=2,2,0) -> 2 | AZ33: =AG33+G33 -> #VALUE! | BA33: =AH33+H33 -> #VALUE! | BB33: =AI33+I33 -> #VALUE! | BC33: --> | BD33: =COUNTIF(AZ33:BB33,2) -> 0 | BE33: --> | BF33: =IF(BD33=1,1,0) -> 0 | BG33: =IF(AK33=K33,2,0) -> 0 | BK33: Wales
A34: M17 | B34: =BP86 -> Brasilien | D34: ― | F34: =BP89 -> Skottland | G34: =IF(C34>E34,1," ") | H34: =IF(C34="","",+IF(C34=E34,1," ")) | I34: =IF(C34<E34,1," ") | W34: =IF(AC34="","",AY34) | X34: =IF(AC34="","",BF34) | AB34: =B34 -> Brasilien | AD34: ― | AF34: =F34 -> Skottland | AG34: =IF(AC34>AE34,1," ") | AH34: =IF(AC34="","",+IF(AC34=AE34,1," ")) | AI34: =IF(AC34<AE34,1," ") | AW34: =IF(C34=AC34,1,0)+IF(AE34=E34,1,0) -> 2 | AX34: --> | AY34: =IF(AW34=2,2,0) -> 2 | AZ34: =AG34+G34 -> #VALUE! | BA34: =AH34+H34 -> #VALUE! | BB34: =AI34+I34 -> #VALUE! | BC34: --> | BD34: =COUNTIF(AZ34:BB34,2) -> 0 | BE34: --> | BF34: =IF(BD34=1,1,0) -> 0 | BK34: Mål
A35: M18 | B35: =BP87 -> Marocko | D35: ― | F35: =BP88 -> Haiti | G35: =IF(C35>E35,1," ") | H35: =IF(C35="","",+IF(C35=E35,1," ")) | I35: =IF(C35<E35,1," ") | W35: =IF(AC35="","",AY35) | X35: =IF(AC35="","",BF35) | AB35: =B35 -> Marocko | AD35: ― | AF35: =F35 -> Haiti | AG35: =IF(AC35>AE35,1," ") | AH35: =IF(AC35="","",+IF(AC35=AE35,1," ")) | AI35: =IF(AC35<AE35,1," ") | AW35: =IF(C35=AC35,1,0)+IF(AE35=E35,1,0) -> 2 | AX35: --> | AY35: =IF(AW35=2,2,0) -> 2 | AZ35: =AG35+G35 -> #VALUE! | BA35: =AH35+H35 -> #VALUE! | BB35: =AI35+I35 -> #VALUE! | BC35: --> | BD35: =COUNTIF(AZ35:BB35,2) -> 0 | BE35: --> | BF35: =IF(BD35=1,1,0) -> 0 | BK35: 0
W36: =SUM(W30:Y35) -> 0 | X36: av | Y36: Max 26 | BK36: 1
B37: Grupp D | G37: 1 | H37: X | I37: 2 | K37: Grupp D | L37: S | M37: V | N37: O | O37: F | P37: GM | Q37: IM | R37: M+/- | S37: Poäng | AB37: Grupp D | AG37: 1 | AH37: X | AI37: 2 | AK37: Grupp D | BK37: 2
A38: M19 | B38: =BP91 -> USA | D38: ― | F38: =BP92 -> Paraguay | G38: =IF(C38>E38,1," ") | H38: =IF(C38="","",+IF(C38=E38,1," ")) | I38: =IF(C38<E38,1," ") | J38: 1 | K38: ='Grupp D'!L7 -> USA | L38: ='Grupp D'!M7 -> 0 | M38: ='Grupp D'!N7 -> 0 | N38: ='Grupp D'!O7 -> 0 | O38: ='Grupp D'!P7 -> 0 | P38: ='Grupp D'!Q7 -> 0 | Q38: ='Grupp D'!R7 -> 0 | R38: ='Grupp D'!S7 -> 0 | S38: ='Grupp D'!T7 -> 0 | W38: =IF(AC38="","",AY38) | X38: =IF(AC38="","",BF38) | Y38: =IF(AK38=0,"",BG38) | AB38: =B38 -> USA | AD38: ― | AF38: =F38 -> Paraguay | AG38: =IF(AC38>AE38,1," ") | AH38: =IF(AC38="","",+IF(AC38=AE38,1," ")) | AI38: =IF(AC38<AE38,1," ") | AJ38: 1 | AW38: =IF(C38=AC38,1,0)+IF(AE38=E38,1,0) -> 2 | AX38: --> | AY38: =IF(AW38=2,2,0) -> 2 | AZ38: =AG38+G38 -> #VALUE! | BA38: =AH38+H38 -> #VALUE! | BB38: =AI38+I38 -> #VALUE! | BC38: --> | BD38: =COUNTIF(AZ38:BB38,2) -> 0 | BE38: --> | BF38: =IF(BD38=1,1,0) -> 0 | BG38: =IF(AK38=K38,2,0) -> 0 | BK38: 3
A39: M20 | B39: =BP93 -> Australien | D39: ― | F39: =BP94 -> Turkiet | G39: =IF(C39>E39,1," ") | H39: =IF(C39="","",+IF(C39=E39,1," ")) | I39: =IF(C39<E39,1," ") | J39: 2 | K39: ='Grupp D'!L8 -> Paraguay | L39: ='Grupp D'!M8 -> 0 | M39: ='Grupp D'!N8 -> 0 | N39: ='Grupp D'!O8 -> 0 | O39: ='Grupp D'!P8 -> 0 | P39: ='Grupp D'!Q8 -> 0 | Q39: ='Grupp D'!R8 -> 0 | R39: ='Grupp D'!S8 -> 0 | S39: ='Grupp D'!T8 -> 0 | W39: =IF(AC39="","",AY39) | X39: =IF(AC39="","",BF39) | Y39: =IF(AK39=0,"",BG39) | AB39: =B39 -> Australien | AD39: ― | AF39: =F39 -> Turkiet | AG39: =IF(AC39>AE39,1," ") | AH39: =IF(AC39="","",+IF(AC39=AE39,1," ")) | AI39: =IF(AC39<AE39,1," ") | AJ39: 2 | AW39: =IF(C39=AC39,1,0)+IF(AE39=E39,1,0) -> 2 | AX39: --> | AY39: =IF(AW39=2,2,0) -> 2 | AZ39: =AG39+G39 -> #VALUE! | BA39: =AH39+H39 -> #VALUE! | BB39: =AI39+I39 -> #VALUE! | BC39: --> | BD39: =COUNTIF(AZ39:BB39,2) -> 0 | BE39: --> | BF39: =IF(BD39=1,1,0) -> 0 | BG39: =IF(AK39=K39,2,0) -> 0 | BK39: 4
A40: M21 | B40: =BP91 -> USA | D40: ― | F40: =BP93 -> Australien | G40: =IF(C40>E40,1," ") | H40: =IF(C40="","",+IF(C40=E40,1," ")) | I40: =IF(C40<E40,1," ") | J40: 3 | K40: ='Grupp D'!L9 -> Australien | L40: ='Grupp D'!M9 -> 0 | M40: ='Grupp D'!N9 -> 0 | N40: ='Grupp D'!O9 -> 0 | O40: ='Grupp D'!P9 -> 0 | P40: ='Grupp D'!Q9 -> 0 | Q40: ='Grupp D'!R9 -> 0 | R40: ='Grupp D'!S9 -> 0 | S40: ='Grupp D'!T9 -> 0 | W40: =IF(AC40="","",AY40) | X40: =IF(AC40="","",BF40) | Y40: =IF(AK40=0,"",BG40) | AB40: =B40 -> USA | AD40: ― | AF40: =F40 -> Australien | AG40: =IF(AC40>AE40,1," ") | AH40: =IF(AC40="","",+IF(AC40=AE40,1," ")) | AI40: =IF(AC40<AE40,1," ") | AJ40: 3 | AW40: =IF(C40=AC40,1,0)+IF(AE40=E40,1,0) -> 2 | AX40: --> | AY40: =IF(AW40=2,2,0) -> 2 | AZ40: =AG40+G40 -> #VALUE! | BA40: =AH40+H40 -> #VALUE! | BB40: =AI40+I40 -> #VALUE! | BC40: --> | BD40: =COUNTIF(AZ40:BB40,2) -> 0 | BE40: --> | BF40: =IF(BD40=1,1,0) -> 0 | BG40: =IF(AK40=K40,2,0) -> 0 | BK40: 5
A41: M22 | B41: =BP92 -> Paraguay | D41: ― | F41: =BP94 -> Turkiet | G41: =IF(C41>E41,1," ") | H41: =IF(C41="","",+IF(C41=E41,1," ")) | I41: =IF(C41<E41,1," ") | J41: 4 | K41: ='Grupp D'!L10 -> Turkiet | L41: ='Grupp D'!M10 -> 0 | M41: ='Grupp D'!N10 -> 0 | N41: ='Grupp D'!O10 -> 0 | O41: ='Grupp D'!P10 -> 0 | P41: ='Grupp D'!Q10 -> 0 | Q41: ='Grupp D'!R10 -> 0 | R41: ='Grupp D'!S10 -> 0 | S41: ='Grupp D'!T10 -> 0 | W41: =IF(AC41="","",AY41) | X41: =IF(AC41="","",BF41) | Y41: =IF(AK41=0,"",BG41) | AB41: =B41 -> Paraguay | AD41: ― | AF41: =F41 -> Turkiet | AG41: =IF(AC41>AE41,1," ") | AH41: =IF(AC41="","",+IF(AC41=AE41,1," ")) | AI41: =IF(AC41<AE41,1," ") | AJ41: 4 | AW41: =IF(C41=AC41,1,0)+IF(AE41=E41,1,0) -> 2 | AX41: --> | AY41: =IF(AW41=2,2,0) -> 2 | AZ41: =AG41+G41 -> #VALUE! | BA41: =AH41+H41 -> #VALUE! | BB41: =AI41+I41 -> #VALUE! | BC41: --> | BD41: =COUNTIF(AZ41:BB41,2) -> 0 | BE41: --> | BF41: =IF(BD41=1,1,0) -> 0 | BG41: =IF(AK41=K41,2,0) -> 0 | BK41: 6
A42: M23 | B42: =BP93 -> Australien | D42: ― | F42: =BP91 -> USA | G42: =IF(C42>E42,1," ") | H42: =IF(C42="","",+IF(C42=E42,1," ")) | I42: =IF(C42<E42,1," ") | W42: =IF(AC42="","",AY42) | X42: =IF(AC42="","",BF42) | AB42: =B42 -> Australien | AD42: ― | AF42: =F42 -> USA | AG42: =IF(AC42>AE42,1," ") | AH42: =IF(AC42="","",+IF(AC42=AE42,1," ")) | AI42: =IF(AC42<AE42,1," ") | AW42: =IF(C42=AC42,1,0)+IF(AE42=E42,1,0) -> 2 | AX42: --> | AY42: =IF(AW42=2,2,0) -> 2 | AZ42: =AG42+G42 -> #VALUE! | BA42: =AH42+H42 -> #VALUE! | BB42: =AI42+I42 -> #VALUE! | BC42: --> | BD42: =COUNTIF(AZ42:BB42,2) -> 0 | BE42: --> | BF42: =IF(BD42=1,1,0) -> 0 | BK42: 7
A43: M24 | B43: =BP92 -> Paraguay | D43: ― | F43: =BP93 -> Australien | G43: =IF(C43>E43,1," ") | H43: =IF(C43="","",+IF(C43=E43,1," ")) | I43: =IF(C43<E43,1," ") | W43: =IF(AC43="","",AY43) | X43: =IF(AC43="","",BF43) | AB43: =B43 -> Paraguay | AD43: ― | AF43: =F43 -> Australien | AG43: =IF(AC43>AE43,1," ") | AH43: =IF(AC43="","",+IF(AC43=AE43,1," ")) | AI43: =IF(AC43<AE43,1," ") | AW43: =IF(C43=AC43,1,0)+IF(AE43=E43,1,0) -> 2 | AX43: --> | AY43: =IF(AW43=2,2,0) -> 2 | AZ43: =AG43+G43 -> #VALUE! | BA43: =AH43+H43 -> #VALUE! | BB43: =AI43+I43 -> #VALUE! | BC43: --> | BD43: =COUNTIF(AZ43:BB43,2) -> 0 | BE43: --> | BF43: =IF(BD43=1,1,0) -> 0 | BK43: 8
W44: =SUM(W38:Y43) -> 0 | X44: av | Y44: Max 26 | BK44: 9
B45: Grupp E | G45: 1 | H45: X | I45: 2 | K45: Grupp E | L45: S | M45: V | N45: O | O45: F | P45: GM | Q45: IM | R45: M+/- | S45: Poäng | AB45: Grupp E | AG45: 1 | AH45: X | AI45: 2 | AK45: Grupp E
A46: M25 | B46: =BP96 -> Tyskland | D46: ― | F46: =BP97 -> Curaçao | G46: =IF(C46>E46,1," ") | H46: =IF(C46="","",+IF(C46=E46,1," ")) | I46: =IF(C46<E46,1," ") | J46: 1 | K46: ='Grupp E'!L7 -> Tyskland | L46: ='Grupp E'!M7 -> 0 | M46: ='Grupp E'!N7 -> 0 | N46: ='Grupp E'!O7 -> 0 | O46: ='Grupp E'!P7 -> 0 | P46: ='Grupp E'!Q7 -> 0 | Q46: ='Grupp E'!R7 -> 0 | R46: ='Grupp E'!S7 -> 0 | S46: ='Grupp E'!T7 -> 0 | W46: =IF(AC46="","",AY46) | X46: =IF(AC46="","",BF46) | Y46: =IF(AK46=0,"",BG46) | AA46: =IF(A46=$G$6,">>"," ") | AB46: =B46 -> Tyskland | AD46: ― | AF46: =F46 -> Curaçao | AG46: =IF(AC46>AE46,1," ") | AH46: =IF(AC46="","",+IF(AC46=AE46,1," ")) | AI46: =IF(AC46<AE46,1," ") | AJ46: 1 | AW46: =IF(C46=AC46,1,0)+IF(AE46=E46,1,0) -> 2 | AX46: --> | AY46: =IF(AW46=2,2,0) -> 2 | AZ46: =AG46+G46 -> #VALUE! | BA46: =AH46+H46 -> #VALUE! | BB46: =AI46+I46 -> #VALUE! | BC46: --> | BD46: =COUNTIF(AZ46:BB46,2) -> 0 | BE46: --> | BF46: =IF(BD46=1,1,0) -> 0 | BG46: =IF(AK46=K46,2,0) -> 0
A47: M26 | B47: =BP98 -> Elfenbenskusten | D47: ― | F47: =BP99 -> Ecuador | G47: =IF(C47>E47,1," ") | H47: =IF(C47="","",+IF(C47=E47,1," ")) | I47: =IF(C47<E47,1," ") | J47: 2 | K47: ='Grupp E'!L8 -> Curaçao | L47: ='Grupp E'!M8 -> 0 | M47: ='Grupp E'!N8 -> 0 | N47: ='Grupp E'!O8 -> 0 | O47: ='Grupp E'!P8 -> 0 | P47: ='Grupp E'!Q8 -> 0 | Q47: ='Grupp E'!R8 -> 0 | R47: ='Grupp E'!S8 -> 0 | S47: ='Grupp E'!T8 -> 0 | W47: =IF(AC47="","",AY47) | X47: =IF(AC47="","",BF47) | Y47: =IF(AK47=0,"",BG47) | AA47: =IF(A47=$G$6,">>"," ") | AB47: =B47 -> Elfenbenskusten | AD47: ― | AF47: =F47 -> Ecuador | AG47: =IF(AC47>AE47,1," ") | AH47: =IF(AC47="","",+IF(AC47=AE47,1," ")) | AI47: =IF(AC47<AE47,1," ") | AJ47: 2 | AW47: =IF(C47=AC47,1,0)+IF(AE47=E47,1,0) -> 2 | AX47: --> | AY47: =IF(AW47=2,2,0) -> 2 | AZ47: =AG47+G47 -> #VALUE! | BA47: =AH47+H47 -> #VALUE! | BB47: =AI47+I47 -> #VALUE! | BC47: --> | BD47: =COUNTIF(AZ47:BB47,2) -> 0 | BE47: --> | BF47: =IF(BD47=1,1,0) -> 0 | BG47: =IF(AK47=K47,2,0) -> 0
A48: M27 | B48: =BP96 -> Tyskland | D48: ― | F48: =BP98 -> Elfenbenskusten | G48: =IF(C48>E48,1," ") | H48: =IF(C48="","",+IF(C48=E48,1," ")) | I48: =IF(C48<E48,1," ") | J48: 3 | K48: ='Grupp E'!L9 -> Elfenbenskusten | L48: ='Grupp E'!M9 -> 0 | M48: ='Grupp E'!N9 -> 0 | N48: ='Grupp E'!O9 -> 0 | O48: ='Grupp E'!P9 -> 0 | P48: ='Grupp E'!Q9 -> 0 | Q48: ='Grupp E'!R9 -> 0 | R48: ='Grupp E'!S9 -> 0 | S48: ='Grupp E'!T9 -> 0 | W48: =IF(AC48="","",AY48) | X48: =IF(AC48="","",BF48) | Y48: =IF(AK48=0,"",BG48) | AA48: =IF(A48=$G$6,">>"," ") | AB48: =B48 -> Tyskland | AD48: ― | AF48: =F48 -> Elfenbenskusten | AG48: =IF(AC48>AE48,1," ") | AH48: =IF(AC48="","",+IF(AC48=AE48,1," ")) | AI48: =IF(AC48<AE48,1," ") | AJ48: 3 | AW48: =IF(C48=AC48,1,0)+IF(AE48=E48,1,0) -> 2 | AX48: --> | AY48: =IF(AW48=2,2,0) -> 2 | AZ48: =AG48+G48 -> #VALUE! | BA48: =AH48+H48 -> #VALUE! | BB48: =AI48+I48 -> #VALUE! | BC48: --> | BD48: =COUNTIF(AZ48:BB48,2) -> 0 | BE48: --> | BF48: =IF(BD48=1,1,0) -> 0 | BG48: =IF(AK48=K48,2,0) -> 0
A49: M28 | B49: =BP97 -> Curaçao | D49: ― | F49: =BP99 -> Ecuador | G49: =IF(C49>E49,1," ") | H49: =IF(C49="","",+IF(C49=E49,1," ")) | I49: =IF(C49<E49,1," ") | J49: 4 | K49: ='Grupp E'!L10 -> Ecuador | L49: ='Grupp E'!M10 -> 0 | M49: ='Grupp E'!N10 -> 0 | N49: ='Grupp E'!O10 -> 0 | O49: ='Grupp E'!P10 -> 0 | P49: ='Grupp E'!Q10 -> 0 | Q49: ='Grupp E'!R10 -> 0 | R49: ='Grupp E'!S10 -> 0 | S49: ='Grupp E'!T10 -> 0 | W49: =IF(AC49="","",AY49) | X49: =IF(AC49="","",BF49) | Y49: =IF(AK49=0,"",BG49) | AA49: =IF(A49=$G$6,">>"," ") | AB49: =B49 -> Curaçao | AD49: ― | AF49: =F49 -> Ecuador | AG49: =IF(AC49>AE49,1," ") | AH49: =IF(AC49="","",+IF(AC49=AE49,1," ")) | AI49: =IF(AC49<AE49,1," ") | AJ49: 4 | AW49: =IF(C49=AC49,1,0)+IF(AE49=E49,1,0) -> 2 | AX49: --> | AY49: =IF(AW49=2,2,0) -> 2 | AZ49: =AG49+G49 -> #VALUE! | BA49: =AH49+H49 -> #VALUE! | BB49: =AI49+I49 -> #VALUE! | BC49: --> | BD49: =COUNTIF(AZ49:BB49,2) -> 0 | BE49: --> | BF49: =IF(BD49=1,1,0) -> 0 | BG49: =IF(AK49=K49,2,0) -> 0
A50: M29 | B50: =BP96 -> Tyskland | D50: ― | F50: =BP99 -> Ecuador | G50: =IF(C50>E50,1," ") | H50: =IF(C50="","",+IF(C50=E50,1," ")) | I50: =IF(C50<E50,1," ") | W50: =IF(AC50="","",AY50) | X50: =IF(AC50="","",BF50) | AA50: =IF(A50=$G$6,">>"," ") | AB50: =B50 -> Tyskland | AD50: ― | AF50: =F50 -> Ecuador | AG50: =IF(AC50>AE50,1," ") | AH50: =IF(AC50="","",+IF(AC50=AE50,1," ")) | AI50: =IF(AC50<AE50,1," ") | AW50: =IF(C50=AC50,1,0)+IF(AE50=E50,1,0) -> 2 | AX50: --> | AY50: =IF(AW50=2,2,0) -> 2 | AZ50: =AG50+G50 -> #VALUE! | BA50: =AH50+H50 -> #VALUE! | BB50: =AI50+I50 -> #VALUE! | BC50: --> | BD50: =COUNTIF(AZ50:BB50,2) -> 0 | BE50: --> | BF50: =IF(BD50=1,1,0) -> 0
A51: M30 | B51: =BP97 -> Curaçao | D51: ― | F51: =BP98 -> Elfenbenskusten | G51: =IF(C51>E51,1," ") | H51: =IF(C51="","",+IF(C51=E51,1," ")) | I51: =IF(C51<E51,1," ") | W51: =IF(AC51="","",AY51) | X51: =IF(AC51="","",BF51) | AA51: =IF(A51=$G$6,">>"," ") | AB51: =B51 -> Curaçao | AD51: ― | AF51: =F51 -> Elfenbenskusten | AG51: =IF(AC51>AE51,1," ") | AH51: =IF(AC51="","",+IF(AC51=AE51,1," ")) | AI51: =IF(AC51<AE51,1," ") | AW51: =IF(C51=AC51,1,0)+IF(AE51=E51,1,0) -> 2 | AX51: --> | AY51: =IF(AW51=2,2,0) -> 2 | AZ51: =AG51+G51 -> #VALUE! | BA51: =AH51+H51 -> #VALUE! | BB51: =AI51+I51 -> #VALUE! | BC51: --> | BD51: =COUNTIF(AZ51:BB51,2) -> 0 | BE51: --> | BF51: =IF(BD51=1,1,0) -> 0
W52: =SUM(W46:Y51) -> 0 | X52: av | Y52: Max 26
B53: Grupp F | G53: 1 | H53: X | I53: 2 | K53: Grupp F | L53: S | M53: V | N53: O | O53: F | P53: GM | Q53: IM | R53: M+/- | S53: Poäng | AB53: Grupp F | AG53: 1 | AH53: X | AI53: 2 | AK53: Grupp F
A54: M31 | B54: =BP101 -> Nederländerna | D54: ― | F54: =BP102 -> Japan | G54: =IF(C54>E54,1," ") | H54: =IF(C54="","",+IF(C54=E54,1," ")) | I54: =IF(C54<E54,1," ") | J54: 1 | K54: ='Grupp F'!L7 -> Nederländerna | L54: ='Grupp F'!M7 -> 0 | M54: ='Grupp F'!N7 -> 0 | N54: ='Grupp F'!O7 -> 0 | O54: ='Grupp F'!P7 -> 0 | P54: ='Grupp F'!Q7 -> 0 | Q54: ='Grupp F'!R7 -> 0 | R54: ='Grupp F'!S7 -> 0 | S54: ='Grupp F'!T7 -> 0 | W54: =IF(AC54="","",AY54) | X54: =IF(AC54="","",BF54) | Y54: =IF(AK54=0,"",BG54) | AB54: =B54 -> Nederländerna | AD54: ― | AF54: =F54 -> Japan | AG54: =IF(AC54>AE54,1," ") | AH54: =IF(AC54="","",+IF(AC54=AE54,1," ")) | AI54: =IF(AC54<AE54,1," ") | AJ54: 1 | AW54: =IF(C54=AC54,1,0)+IF(AE54=E54,1,0) -> 2 | AX54: --> | AY54: =IF(AW54=2,2,0) -> 2 | AZ54: =AG54+G54 -> #VALUE! | BA54: =AH54+H54 -> #VALUE! | BB54: =AI54+I54 -> #VALUE! | BC54: --> | BD54: =COUNTIF(AZ54:BB54,2) -> 0 | BE54: --> | BF54: =IF(BD54=1,1,0) -> 0 | BG54: =IF(AK54=K54,2,0) -> 0
A55: M32 | B55: =BP103 -> Sverige | D55: ― | F55: =BP104 -> Tunisien | G55: =IF(C55>E55,1," ") | H55: =IF(C55="","",+IF(C55=E55,1," ")) | I55: =IF(C55<E55,1," ") | J55: 2 | K55: ='Grupp F'!L8 -> Japan | L55: ='Grupp F'!M8 -> 0 | M55: ='Grupp F'!N8 -> 0 | N55: ='Grupp F'!O8 -> 0 | O55: ='Grupp F'!P8 -> 0 | P55: ='Grupp F'!Q8 -> 0 | Q55: ='Grupp F'!R8 -> 0 | R55: ='Grupp F'!S8 -> 0 | S55: ='Grupp F'!T8 -> 0 | W55: =IF(AC55="","",AY55) | X55: =IF(AC55="","",BF55) | Y55: =IF(AK55=0,"",BG55) | AB55: =B55 -> Sverige | AD55: ― | AF55: =F55 -> Tunisien | AG55: =IF(AC55>AE55,1," ") | AH55: =IF(AC55="","",+IF(AC55=AE55,1," ")) | AI55: =IF(AC55<AE55,1," ") | AJ55: 2 | AW55: =IF(C55=AC55,1,0)+IF(AE55=E55,1,0) -> 2 | AX55: --> | AY55: =IF(AW55=2,2,0) -> 2 | AZ55: =AG55+G55 -> #VALUE! | BA55: =AH55+H55 -> #VALUE! | BB55: =AI55+I55 -> #VALUE! | BC55: --> | BD55: =COUNTIF(AZ55:BB55,2) -> 0 | BE55: --> | BF55: =IF(BD55=1,1,0) -> 0 | BG55: =IF(AK55=K55,2,0) -> 0
A56: M33 | B56: =BP101 -> Nederländerna | D56: ― | F56: =BP103 -> Sverige | G56: =IF(C56>E56,1," ") | H56: =IF(C56="","",+IF(C56=E56,1," ")) | I56: =IF(C56<E56,1," ") | J56: 3 | K56: ='Grupp F'!L9 -> Sverige | L56: ='Grupp F'!M9 -> 0 | M56: ='Grupp F'!N9 -> 0 | N56: ='Grupp F'!O9 -> 0 | O56: ='Grupp F'!P9 -> 0 | P56: ='Grupp F'!Q9 -> 0 | Q56: ='Grupp F'!R9 -> 0 | R56: ='Grupp F'!S9 -> 0 | S56: ='Grupp F'!T9 -> 0 | W56: =IF(AC56="","",AY56) | X56: =IF(AC56="","",BF56) | Y56: =IF(AK56=0,"",BG56) | AB56: =B56 -> Nederländerna | AD56: ― | AF56: =F56 -> Sverige | AG56: =IF(AC56>AE56,1," ") | AH56: =IF(AC56="","",+IF(AC56=AE56,1," ")) | AI56: =IF(AC56<AE56,1," ") | AJ56: 3 | AW56: =IF(C56=AC56,1,0)+IF(AE56=E56,1,0) -> 2 | AX56: --> | AY56: =IF(AW56=2,2,0) -> 2 | AZ56: =AG56+G56 -> #VALUE! | BA56: =AH56+H56 -> #VALUE! | BB56: =AI56+I56 -> #VALUE! | BC56: --> | BD56: =COUNTIF(AZ56:BB56,2) -> 0 | BE56: --> | BF56: =IF(BD56=1,1,0) -> 0 | BG56: =IF(AK56=K56,2,0) -> 0
A57: M34 | B57: =BP102 -> Japan | D57: ― | F57: =BP104 -> Tunisien | G57: =IF(C57>E57,1," ") | H57: =IF(C57="","",+IF(C57=E57,1," ")) | I57: =IF(C57<E57,1," ") | J57: 4 | K57: ='Grupp F'!L10 -> Tunisien | L57: ='Grupp F'!M10 -> 0 | M57: ='Grupp F'!N10 -> 0 | N57: ='Grupp F'!O10 -> 0 | O57: ='Grupp F'!P10 -> 0 | P57: ='Grupp F'!Q10 -> 0 | Q57: ='Grupp F'!R10 -> 0 | R57: ='Grupp F'!S10 -> 0 | S57: ='Grupp F'!T10 -> 0 | W57: =IF(AC57="","",AY57) | X57: =IF(AC57="","",BF57) | Y57: =IF(AK57=0,"",BG57) | AB57: =B57 -> Japan | AD57: ― | AF57: =F57 -> Tunisien | AG57: =IF(AC57>AE57,1," ") | AH57: =IF(AC57="","",+IF(AC57=AE57,1," ")) | AI57: =IF(AC57<AE57,1," ") | AJ57: 4 | AW57: =IF(C57=AC57,1,0)+IF(AE57=E57,1,0) -> 2 | AX57: --> | AY57: =IF(AW57=2,2,0) -> 2 | AZ57: =AG57+G57 -> #VALUE! | BA57: =AH57+H57 -> #VALUE! | BB57: =AI57+I57 -> #VALUE! | BC57: --> | BD57: =COUNTIF(AZ57:BB57,2) -> 0 | BE57: --> | BF57: =IF(BD57=1,1,0) -> 0 | BG57: =IF(AK57=K57,2,0) -> 0
A58: M35 | B58: =BP101 -> Nederländerna | D58: ― | F58: =BP104 -> Tunisien | G58: =IF(C58>E58,1," ") | H58: =IF(C58="","",+IF(C58=E58,1," ")) | I58: =IF(C58<E58,1," ") | W58: =IF(AC58="","",AY58) | X58: =IF(AC58="","",BF58) | AB58: =B58 -> Nederländerna | AD58: ― | AF58: =F58 -> Tunisien | AG58: =IF(AC58>AE58,1," ") | AH58: =IF(AC58="","",+IF(AC58=AE58,1," ")) | AI58: =IF(AC58<AE58,1," ") | AW58: =IF(C58=AC58,1,0)+IF(AE58=E58,1,0) -> 2 | AX58: --> | AY58: =IF(AW58=2,2,0) -> 2 | AZ58: =AG58+G58 -> #VALUE! | BA58: =AH58+H58 -> #VALUE! | BB58: =AI58+I58 -> #VALUE! | BC58: --> | BD58: =COUNTIF(AZ58:BB58,2) -> 0 | BE58: --> | BF58: =IF(BD58=1,1,0) -> 0
A59: M36 | B59: =BP102 -> Japan | D59: ― | F59: =BP103 -> Sverige | G59: =IF(C59>E59,1," ") | H59: =IF(C59="","",+IF(C59=E59,1," ")) | I59: =IF(C59<E59,1," ") | W59: =IF(AC59="","",AY59) | X59: =IF(AC59="","",BF59) | AB59: =B59 -> Japan | AD59: ― | AF59: =F59 -> Sverige | AG59: =IF(AC59>AE59,1," ") | AH59: =IF(AC59="","",+IF(AC59=AE59,1," ")) | AI59: =IF(AC59<AE59,1," ") | AW59: =IF(C59=AC59,1,0)+IF(AE59=E59,1,0) -> 2 | AX59: --> | AY59: =IF(AW59=2,2,0) -> 2 | AZ59: =AG59+G59 -> #VALUE! | BA59: =AH59+H59 -> #VALUE! | BB59: =AI59+I59 -> #VALUE! | BC59: --> | BD59: =COUNTIF(AZ59:BB59,2) -> 0 | BE59: --> | BF59: =IF(BD59=1,1,0) -> 0
W60: =SUM(W54:Y59) -> 0 | X60: av | Y60: Max 26
B61: Grupp G | G61: 1 | H61: X | I61: 2 | K61: Grupp G | L61: S | M61: V | N61: O | O61: F | P61: GM | Q61: IM | R61: M+/- | S61: Poäng | AB61: Grupp G | AG61: 1 | AH61: X | AI61: 2 | AK61: Grupp G
A62: M37 | B62: =BR76 -> Belgien | D62: ― | F62: =BR77 -> Egypten | G62: =IF(C62>E62,1," ") | H62: =IF(C62="","",+IF(C62=E62,1," ")) | I62: =IF(C62<E62,1," ") | J62: 1 | K62: ='Grupp G'!L7 -> Belgien | L62: ='Grupp G'!M7 -> 0 | M62: ='Grupp G'!N7 -> 0 | N62: ='Grupp G'!O7 -> 0 | O62: ='Grupp G'!P7 -> 0 | P62: ='Grupp G'!Q7 -> 0 | Q62: ='Grupp G'!R7 -> 0 | R62: ='Grupp G'!S7 -> 0 | S62: ='Grupp G'!T7 -> 0 | W62: =IF(AC62="","",AY62) | X62: =IF(AC62="","",BF62) | Y62: =IF(AK62=0,"",BG62) | AB62: =B62 -> Belgien | AD62: ― | AF62: =F62 -> Egypten | AG62: =IF(AC62>AE62,1," ") | AH62: =IF(AC62="","",+IF(AC62=AE62,1," ")) | AI62: =IF(AC62<AE62,1," ") | AJ62: 1 | AW62: =IF(C62=AC62,1,0)+IF(AE62=E62,1,0) -> 2 | AX62: --> | AY62: =IF(AW62=2,2,0) -> 2 | AZ62: =AG62+G62 -> #VALUE! | BA62: =AH62+H62 -> #VALUE! | BB62: =AI62+I62 -> #VALUE! | BC62: --> | BD62: =COUNTIF(AZ62:BB62,2) -> 0 | BE62: --> | BF62: =IF(BD62=1,1,0) -> 0 | BG62: =IF(AK62=K62,2,0) -> 0
A63: M38 | B63: =BR78 -> Iran | D63: ― | F63: =BR79 -> Nya Zeeland | G63: =IF(C63>E63,1," ") | H63: =IF(C63="","",+IF(C63=E63,1," ")) | I63: =IF(C63<E63,1," ") | J63: 2 | K63: ='Grupp G'!L8 -> Egypten | L63: ='Grupp G'!M8 -> 0 | M63: ='Grupp G'!N8 -> 0 | N63: ='Grupp G'!O8 -> 0 | O63: ='Grupp G'!P8 -> 0 | P63: ='Grupp G'!Q8 -> 0 | Q63: ='Grupp G'!R8 -> 0 | R63: ='Grupp G'!S8 -> 0 | S63: ='Grupp G'!T8 -> 0 | W63: =IF(AC63="","",AY63) | X63: =IF(AC63="","",BF63) | Y63: =IF(AK63=0,"",BG63) | AB63: =B63 -> Iran | AD63: ― | AF63: =F63 -> Nya Zeeland | AG63: =IF(AC63>AE63,1," ") | AH63: =IF(AC63="","",+IF(AC63=AE63,1," ")) | AI63: =IF(AC63<AE63,1," ") | AJ63: 2 | AW63: =IF(C63=AC63,1,0)+IF(AE63=E63,1,0) -> 2 | AX63: --> | AY63: =IF(AW63=2,2,0) -> 2 | AZ63: =AG63+G63 -> #VALUE! | BA63: =AH63+H63 -> #VALUE! | BB63: =AI63+I63 -> #VALUE! | BC63: --> | BD63: =COUNTIF(AZ63:BB63,2) -> 0 | BE63: --> | BF63: =IF(BD63=1,1,0) -> 0 | BG63: =IF(AK63=K63,2,0) -> 0
A64: M39 | B64: =BR76 -> Belgien | D64: ― | F64: =BR78 -> Iran | G64: =IF(C64>E64,1," ") | H64: =IF(C64="","",+IF(C64=E64,1," ")) | I64: =IF(C64<E64,1," ") | J64: 3 | K64: ='Grupp G'!L9 -> Iran | L64: ='Grupp G'!M9 -> 0 | M64: ='Grupp G'!N9 -> 0 | N64: ='Grupp G'!O9 -> 0 | O64: ='Grupp G'!P9 -> 0 | P64: ='Grupp G'!Q9 -> 0 | Q64: ='Grupp G'!R9 -> 0 | R64: ='Grupp G'!S9 -> 0 | S64: ='Grupp G'!T9 -> 0 | W64: =IF(AC64="","",AY64) | X64: =IF(AC64="","",BF64) | Y64: =IF(AK64=0,"",BG64) | AB64: =B64 -> Belgien | AD64: ― | AF64: =F64 -> Iran | AG64: =IF(AC64>AE64,1," ") | AH64: =IF(AC64="","",+IF(AC64=AE64,1," ")) | AI64: =IF(AC64<AE64,1," ") | AJ64: 3 | AW64: =IF(C64=AC64,1,0)+IF(AE64=E64,1,0) -> 2 | AX64: --> | AY64: =IF(AW64=2,2,0) -> 2 | AZ64: =AG64+G64 -> #VALUE! | BA64: =AH64+H64 -> #VALUE! | BB64: =AI64+I64 -> #VALUE! | BC64: --> | BD64: =COUNTIF(AZ64:BB64,2) -> 0 | BE64: --> | BF64: =IF(BD64=1,1,0) -> 0 | BG64: =IF(AK64=K64,2,0) -> 0
A65: M40 | B65: =BR77 -> Egypten | D65: ― | F65: =BR79 -> Nya Zeeland | G65: =IF(C65>E65,1," ") | H65: =IF(C65="","",+IF(C65=E65,1," ")) | I65: =IF(C65<E65,1," ") | J65: 4 | K65: ='Grupp G'!L10 -> Nya Zeeland | L65: ='Grupp G'!M10 -> 0 | M65: ='Grupp G'!N10 -> 0 | N65: ='Grupp G'!O10 -> 0 | O65: ='Grupp G'!P10 -> 0 | P65: ='Grupp G'!Q10 -> 0 | Q65: ='Grupp G'!R10 -> 0 | R65: ='Grupp G'!S10 -> 0 | S65: ='Grupp G'!T10 -> 0 | W65: =IF(AC65="","",AY65) | X65: =IF(AC65="","",BF65) | Y65: =IF(AK65=0,"",BG65) | AB65: =B65 -> Egypten | AD65: ― | AF65: =F65 -> Nya Zeeland | AG65: =IF(AC65>AE65,1," ") | AH65: =IF(AC65="","",+IF(AC65=AE65,1," ")) | AI65: =IF(AC65<AE65,1," ") | AJ65: 4 | AW65: =IF(C65=AC65,1,0)+IF(AE65=E65,1,0) -> 2 | AX65: --> | AY65: =IF(AW65=2,2,0) -> 2 | AZ65: =AG65+G65 -> #VALUE! | BA65: =AH65+H65 -> #VALUE! | BB65: =AI65+I65 -> #VALUE! | BC65: --> | BD65: =COUNTIF(AZ65:BB65,2) -> 0 | BE65: --> | BF65: =IF(BD65=1,1,0) -> 0 | BG65: =IF(AK65=K65,2,0) -> 0
A66: M41 | B66: =BR76 -> Belgien | D66: ― | F66: =BR79 -> Nya Zeeland | G66: =IF(C66>E66,1," ") | H66: =IF(C66="","",+IF(C66=E66,1," ")) | I66: =IF(C66<E66,1," ") | W66: =IF(AC66="","",AY66) | X66: =IF(AC66="","",BF66) | AB66: =B66 -> Belgien | AD66: ― | AF66: =F66 -> Nya Zeeland | AG66: =IF(AC66>AE66,1," ") | AH66: =IF(AC66="","",+IF(AC66=AE66,1," ")) | AI66: =IF(AC66<AE66,1," ") | AW66: =IF(C66=AC66,1,0)+IF(AE66=E66,1,0) -> 2 | AX66: --> | AY66: =IF(AW66=2,2,0) -> 2 | AZ66: =AG66+G66 -> #VALUE! | BA66: =AH66+H66 -> #VALUE! | BB66: =AI66+I66 -> #VALUE! | BC66: --> | BD66: =COUNTIF(AZ66:BB66,2) -> 0 | BE66: --> | BF66: =IF(BD66=1,1,0) -> 0
A67: M42 | B67: =BR77 -> Egypten | D67: ― | F67: =BR78 -> Iran | G67: =IF(C67>E67,1," ") | H67: =IF(C67="","",+IF(C67=E67,1," ")) | I67: =IF(C67<E67,1," ") | W67: =IF(AC67="","",AY67) | X67: =IF(AC67="","",BF67) | AB67: =B67 -> Egypten | AD67: ― | AF67: =F67 -> Iran | AG67: =IF(AC67>AE67,1," ") | AH67: =IF(AC67="","",+IF(AC67=AE67,1," ")) | AI67: =IF(AC67<AE67,1," ") | AW67: =IF(C67=AC67,1,0)+IF(AE67=E67,1,0) -> 2 | AX67: --> | AY67: =IF(AW67=2,2,0) -> 2 | AZ67: =AG67+G67 -> #VALUE! | BA67: =AH67+H67 -> #VALUE! | BB67: =AI67+I67 -> #VALUE! | BC67: --> | BD67: =COUNTIF(AZ67:BB67,2) -> 0 | BE67: --> | BF67: =IF(BD67=1,1,0) -> 0
W68: =SUM(W62:Y67) -> 0 | X68: av | Y68: Max 26
B69: Grupp H | G69: 1 | H69: X | I69: 2 | K69: Grupp H | L69: S | M69: V | N69: O | O69: F | P69: GM | Q69: IM | R69: M+/- | S69: Poäng | AB69: Grupp H | AG69: 1 | AH69: X | AI69: 2 | AK69: Grupp H
A70: M43 | B70: =BR81 -> Spanien | D70: ― | F70: =BR82 -> Kap Verde | G70: =IF(C70>E70,1," ") | H70: =IF(C70="","",+IF(C70=E70,1," ")) | I70: =IF(C70<E70,1," ") | J70: 1 | K70: ='Grupp H'!L7 -> Spanien | L70: ='Grupp H'!M7 -> 0 | M70: ='Grupp H'!N7 -> 0 | N70: ='Grupp H'!O7 -> 0 | O70: ='Grupp H'!P7 -> 0 | P70: ='Grupp H'!Q7 -> 0 | Q70: ='Grupp H'!R7 -> 0 | R70: ='Grupp H'!S7 -> 0 | S70: ='Grupp H'!T7 -> 0 | W70: =IF(AC70="","",AY70) | X70: =IF(AC70="","",BF70) | Y70: =IF(AK70=0,"",BG70) | AB70: =B70 -> Spanien | AD70: ― | AF70: =F70 -> Kap Verde | AG70: =IF(AC70>AE70,1," ") | AH70: =IF(AC70="","",+IF(AC70=AE70,1," ")) | AI70: =IF(AC70<AE70,1," ") | AJ70: 1 | AW70: =IF(C70=AC70,1,0)+IF(AE70=E70,1,0) -> 2 | AX70: --> | AY70: =IF(AW70=2,2,0) -> 2 | AZ70: =AG70+G70 -> #VALUE! | BA70: =AH70+H70 -> #VALUE! | BB70: =AI70+I70 -> #VALUE! | BC70: --> | BD70: =COUNTIF(AZ70:BB70,2) -> 0 | BE70: --> | BF70: =IF(BD70=1,1,0) -> 0 | BG70: =IF(AK70=K70,2,0) -> 0
A71: M44 | B71: =BR83 -> Saudiarabien | D71: ― | F71: =BR84 -> Uruguay | G71: =IF(C71>E71,1," ") | H71: =IF(C71="","",+IF(C71=E71,1," ")) | I71: =IF(C71<E71,1," ") | J71: 2 | K71: ='Grupp H'!L8 -> Kap Verde | L71: ='Grupp H'!M8 -> 0 | M71: ='Grupp H'!N8 -> 0 | N71: ='Grupp H'!O8 -> 0 | O71: ='Grupp H'!P8 -> 0 | P71: ='Grupp H'!Q8 -> 0 | Q71: ='Grupp H'!R8 -> 0 | R71: ='Grupp H'!S8 -> 0 | S71: ='Grupp H'!T8 -> 0 | W71: =IF(AC71="","",AY71) | X71: =IF(AC71="","",BF71) | Y71: =IF(AK71=0,"",BG71) | AB71: =B71 -> Saudiarabien | AD71: ― | AF71: =F71 -> Uruguay | AG71: =IF(AC71>AE71,1," ") | AH71: =IF(AC71="","",+IF(AC71=AE71,1," ")) | AI71: =IF(AC71<AE71,1," ") | AJ71: 2 | AW71: =IF(C71=AC71,1,0)+IF(AE71=E71,1,0) -> 2 | AX71: --> | AY71: =IF(AW71=2,2,0) -> 2 | AZ71: =AG71+G71 -> #VALUE! | BA71: =AH71+H71 -> #VALUE! | BB71: =AI71+I71 -> #VALUE! | BC71: --> | BD71: =COUNTIF(AZ71:BB71,2) -> 0 | BE71: --> | BF71: =IF(BD71=1,1,0) -> 0 | BG71: =IF(AK71=K71,2,0) -> 0
A72: M45 | B72: =BR81 -> Spanien | D72: ― | F72: =BR83 -> Saudiarabien | G72: =IF(C72>E72,1," ") | H72: =IF(C72="","",+IF(C72=E72,1," ")) | I72: =IF(C72<E72,1," ") | J72: 3 | K72: ='Grupp H'!L9 -> Saudiarabien | L72: ='Grupp H'!M9 -> 0 | M72: ='Grupp H'!N9 -> 0 | N72: ='Grupp H'!O9 -> 0 | O72: ='Grupp H'!P9 -> 0 | P72: ='Grupp H'!Q9 -> 0 | Q72: ='Grupp H'!R9 -> 0 | R72: ='Grupp H'!S9 -> 0 | S72: ='Grupp H'!T9 -> 0 | W72: =IF(AC72="","",AY72) | X72: =IF(AC72="","",BF72) | Y72: =IF(AK72=0,"",BG72) | AB72: =B72 -> Spanien | AD72: ― | AF72: =F72 -> Saudiarabien | AG72: =IF(AC72>AE72,1," ") | AH72: =IF(AC72="","",+IF(AC72=AE72,1," ")) | AI72: =IF(AC72<AE72,1," ") | AJ72: 3 | AW72: =IF(C72=AC72,1,0)+IF(AE72=E72,1,0) -> 2 | AX72: --> | AY72: =IF(AW72=2,2,0) -> 2 | AZ72: =AG72+G72 -> #VALUE! | BA72: =AH72+H72 -> #VALUE! | BB72: =AI72+I72 -> #VALUE! | BC72: --> | BD72: =COUNTIF(AZ72:BB72,2) -> 0 | BE72: --> | BF72: =IF(BD72=1,1,0) -> 0 | BG72: =IF(AK72=K72,2,0) -> 0
A73: M46 | B73: =BR82 -> Kap Verde | D73: ― | F73: =BR84 -> Uruguay | G73: =IF(C73>E73,1," ") | H73: =IF(C73="","",+IF(C73=E73,1," ")) | I73: =IF(C73<E73,1," ") | J73: 4 | K73: ='Grupp H'!L10 -> Uruguay | L73: ='Grupp H'!M10 -> 0 | M73: ='Grupp H'!N10 -> 0 | N73: ='Grupp H'!O10 -> 0 | O73: ='Grupp H'!P10 -> 0 | P73: ='Grupp H'!Q10 -> 0 | Q73: ='Grupp H'!R10 -> 0 | R73: ='Grupp H'!S10 -> 0 | S73: ='Grupp H'!T10 -> 0 | W73: =IF(AC73="","",AY73) | X73: =IF(AC73="","",BF73) | Y73: =IF(AK73=0,"",BG73) | AB73: =B73 -> Kap Verde | AD73: ― | AF73: =F73 -> Uruguay | AG73: =IF(AC73>AE73,1," ") | AH73: =IF(AC73="","",+IF(AC73=AE73,1," ")) | AI73: =IF(AC73<AE73,1," ") | AJ73: 4 | AW73: =IF(C73=AC73,1,0)+IF(AE73=E73,1,0) -> 2 | AX73: --> | AY73: =IF(AW73=2,2,0) -> 2 | AZ73: =AG73+G73 -> #VALUE! | BA73: =AH73+H73 -> #VALUE! | BB73: =AI73+I73 -> #VALUE! | BC73: --> | BD73: =COUNTIF(AZ73:BB73,2) -> 0 | BE73: --> | BF73: =IF(BD73=1,1,0) -> 0 | BG73: =IF(AK73=K73,2,0) -> 0
A74: M47 | B74: =BR81 -> Spanien | D74: ― | F74: =BR84 -> Uruguay | G74: =IF(C74>E74,1," ") | H74: =IF(C74="","",+IF(C74=E74,1," ")) | I74: =IF(C74<E74,1," ") | W74: =IF(AC74="","",AY74) | X74: =IF(AC74="","",BF74) | AB74: =B74 -> Spanien | AD74: ― | AF74: =F74 -> Uruguay | AG74: =IF(AC74>AE74,1," ") | AH74: =IF(AC74="","",+IF(AC74=AE74,1," ")) | AI74: =IF(AC74<AE74,1," ") | AW74: =IF(C74=AC74,1,0)+IF(AE74=E74,1,0) -> 2 | AX74: --> | AY74: =IF(AW74=2,2,0) -> 2 | AZ74: =AG74+G74 -> #VALUE! | BA74: =AH74+H74 -> #VALUE! | BB74: =AI74+I74 -> #VALUE! | BC74: --> | BD74: =COUNTIF(AZ74:BB74,2) -> 0 | BE74: --> | BF74: =IF(BD74=1,1,0) -> 0 | BG74: =IF(AK74=K74,2,0) -> 2
A75: M48 | B75: =BR82 -> Kap Verde | D75: ― | F75: =BR83 -> Saudiarabien | G75: =IF(C75>E75,1," ") | H75: =IF(C75="","",+IF(C75=E75,1," ")) | I75: =IF(C75<E75,1," ") | W75: =IF(AC75="","",AY75) | X75: =IF(AC75="","",BF75) | AB75: =B75 -> Kap Verde | AD75: ― | AF75: =F75 -> Saudiarabien | AG75: =IF(AC75>AE75,1," ") | AH75: =IF(AC75="","",+IF(AC75=AE75,1," ")) | AI75: =IF(AC75<AE75,1," ") | AW75: =IF(C75=AC75,1,0)+IF(AE75=E75,1,0) -> 2 | AX75: --> | AY75: =IF(AW75=2,2,0) -> 2 | AZ75: =AG75+G75 -> #VALUE! | BA75: =AH75+H75 -> #VALUE! | BB75: =AI75+I75 -> #VALUE! | BC75: --> | BD75: =COUNTIF(AZ75:BB75,2) -> 0 | BE75: --> | BF75: =IF(BD75=1,1,0) -> 0 | BG75: =IF(AK75=K75,2,0) -> 2 | BP75: Grupp A | BR75: Grupp G | BS75: Alla lag | BU75: 1A vs 3C/3E/3F/3H/3I
W76: =SUM(W70:Y75) -> 0 | X76: av | Y76: Max 26 | BP76: Mexiko | BR76: Belgien | BS76: Algeriet | BU76: 1B vs 3E/3F/3G/3I/3J
B77: Grupp I | G77: 1 | H77: X | I77: 2 | K77: Grupp I | L77: S | M77: V | N77: O | O77: F | P77: GM | Q77: IM | R77: M+/- | S77: Poäng | AB77: Grupp I | AG77: 1 | AH77: X | AI77: 2 | AK77: Grupp I | BP77: Sydafrika | BR77: Egypten | BS77: Argentina | BU77: 1C vs 2F
A78: M49 | B78: =BR86 -> Frankrike | D78: ― | F78: =BR87 -> Senegal | G78: =IF(C78>E78,1," ") | H78: =IF(C78="","",+IF(C78=E78,1," ")) | I78: =IF(C78<E78,1," ") | J78: 1 | K78: ='Grupp I'!L7 -> Frankrike | L78: ='Grupp I'!M7 -> 0 | M78: ='Grupp I'!N7 -> 0 | N78: ='Grupp I'!O7 -> 0 | O78: ='Grupp I'!P7 -> 0 | P78: ='Grupp I'!Q7 -> 0 | Q78: ='Grupp I'!R7 -> 0 | R78: ='Grupp I'!S7 -> 0 | S78: ='Grupp I'!T7 -> 0 | W78: =IF(AC78="","",AY78) | X78: =IF(AC78="","",BF78) | Y78: =IF(AK78=0,"",BG78) | AA78: =IF(A78=$G$6,">>"," ") | AB78: =B78 -> Frankrike | AD78: ― | AF78: =F78 -> Senegal | AG78: =IF(AC78>AE78,1," ") | AH78: =IF(AC78="","",+IF(AC78=AE78,1," ")) | AI78: =IF(AC78<AE78,1," ") | AJ78: 1 | AW78: =IF(C78=AC78,1,0)+IF(AE78=E78,1,0) -> 2 | AX78: --> | AY78: =IF(AW78=2,2,0) -> 2 | AZ78: =AG78+G78 -> #VALUE! | BA78: =AH78+H78 -> #VALUE! | BB78: =AI78+I78 -> #VALUE! | BC78: --> | BD78: =COUNTIF(AZ78:BB78,2) -> 0 | BE78: --> | BF78: =IF(BD78=1,1,0) -> 0 | BG78: =IF(AK78=K78,2,0) -> 0 | BP78: Sydkorea | BR78: Iran | BS78: Australien | BU78: 1D vs 3B/3E/3F/3I/3J
A79: M50 | B79: =BR88 -> Irak | D79: ― | F79: =BR89 -> Norge | G79: =IF(C79>E79,1," ") | H79: =IF(C79="","",+IF(C79=E79,1," ")) | I79: =IF(C79<E79,1," ") | J79: 2 | K79: ='Grupp I'!L8 -> Senegal | L79: ='Grupp I'!M8 -> 0 | M79: ='Grupp I'!N8 -> 0 | N79: ='Grupp I'!O8 -> 0 | O79: ='Grupp I'!P8 -> 0 | P79: ='Grupp I'!Q8 -> 0 | Q79: ='Grupp I'!R8 -> 0 | R79: ='Grupp I'!S8 -> 0 | S79: ='Grupp I'!T8 -> 0 | W79: =IF(AC79="","",AY79) | X79: =IF(AC79="","",BF79) | Y79: =IF(AK79=0,"",BG79) | AA79: =IF(A79=$G$6,">>"," ") | AB79: =B79 -> Irak | AD79: ― | AF79: =F79 -> Norge | AG79: =IF(AC79>AE79,1," ") | AH79: =IF(AC79="","",+IF(AC79=AE79,1," ")) | AI79: =IF(AC79<AE79,1," ") | AJ79: 2 | AW79: =IF(C79=AC79,1,0)+IF(AE79=E79,1,0) -> 2 | AX79: --> | AY79: =IF(AW79=2,2,0) -> 2 | AZ79: =AG79+G79 -> #VALUE! | BA79: =AH79+H79 -> #VALUE! | BB79: =AI79+I79 -> #VALUE! | BC79: --> | BD79: =COUNTIF(AZ79:BB79,2) -> 0 | BE79: --> | BF79: =IF(BD79=1,1,0) -> 0 | BG79: =IF(AK79=K79,2,0) -> 0 | BP79: Tjeckien | BR79: Nya Zeeland | BS79: Belgien | BU79: 1E vs 3A/3B/3C/3D/3F
A80: M51 | B80: =BR86 -> Frankrike | D80: ― | F80: =BR88 -> Irak | G80: =IF(C80>E80,1," ") | H80: =IF(C80="","",+IF(C80=E80,1," ")) | I80: =IF(C80<E80,1," ") | J80: 3 | K80: ='Grupp I'!L9 -> Irak | L80: ='Grupp I'!M9 -> 0 | M80: ='Grupp I'!N9 -> 0 | N80: ='Grupp I'!O9 -> 0 | O80: ='Grupp I'!P9 -> 0 | P80: ='Grupp I'!Q9 -> 0 | Q80: ='Grupp I'!R9 -> 0 | R80: ='Grupp I'!S9 -> 0 | S80: ='Grupp I'!T9 -> 0 | W80: =IF(AC80="","",AY80) | X80: =IF(AC80="","",BF80) | Y80: =IF(AK80=0,"",BG80) | AA80: =IF(A80=$G$6,">>"," ") | AB80: =B80 -> Frankrike | AD80: ― | AF80: =F80 -> Irak | AG80: =IF(AC80>AE80,1," ") | AH80: =IF(AC80="","",+IF(AC80=AE80,1," ")) | AI80: =IF(AC80<AE80,1," ") | AJ80: 3 | AW80: =IF(C80=AC80,1,0)+IF(AE80=E80,1,0) -> 2 | AX80: --> | AY80: =IF(AW80=2,2,0) -> 2 | AZ80: =AG80+G80 -> #VALUE! | BA80: =AH80+H80 -> #VALUE! | BB80: =AI80+I80 -> #VALUE! | BC80: --> | BD80: =COUNTIF(AZ80:BB80,2) -> 0 | BE80: --> | BF80: =IF(BD80=1,1,0) -> 0 | BG80: =IF(AK80=K80,2,0) -> 0 | BP80: Grupp B | BR80: Grupp H | BS80: Bosnien | BU80: 1F vs 2C
A81: M52 | B81: =BR87 -> Senegal | D81: ― | F81: =BR89 -> Norge | G81: =IF(C81>E81,1," ") | H81: =IF(C81="","",+IF(C81=E81,1," ")) | I81: =IF(C81<E81,1," ") | J81: 4 | K81: ='Grupp I'!L10 -> Norge | L81: ='Grupp I'!M10 -> 0 | M81: ='Grupp I'!N10 -> 0 | N81: ='Grupp I'!O10 -> 0 | O81: ='Grupp I'!P10 -> 0 | P81: ='Grupp I'!Q10 -> 0 | Q81: ='Grupp I'!R10 -> 0 | R81: ='Grupp I'!S10 -> 0 | S81: ='Grupp I'!T10 -> 0 | W81: =IF(AC81="","",AY81) | X81: =IF(AC81="","",BF81) | Y81: =IF(AK81=0,"",BG81) | AA81: =IF(A81=$G$6,">>"," ") | AB81: =B81 -> Senegal | AD81: ― | AF81: =F81 -> Norge | AG81: =IF(AC81>AE81,1," ") | AH81: =IF(AC81="","",+IF(AC81=AE81,1," ")) | AI81: =IF(AC81<AE81,1," ") | AJ81: 4 | AW81: =IF(C81=AC81,1,0)+IF(AE81=E81,1,0) -> 2 | AX81: --> | AY81: =IF(AW81=2,2,0) -> 2 | AZ81: =AG81+G81 -> #VALUE! | BA81: =AH81+H81 -> #VALUE! | BB81: =AI81+I81 -> #VALUE! | BC81: --> | BD81: =COUNTIF(AZ81:BB81,2) -> 0 | BE81: --> | BF81: =IF(BD81=1,1,0) -> 0 | BG81: =IF(AK81=K81,2,0) -> 0 | BP81: Kanada | BR81: Spanien | BS81: Brasilien | BU81: 1G vs 3A/3E/3H/3I/3J
A82: M53 | B82: =BR86 -> Frankrike | D82: ― | F82: =BR89 -> Norge | G82: =IF(C82>E82,1," ") | H82: =IF(C82="","",+IF(C82=E82,1," ")) | I82: =IF(C82<E82,1," ") | W82: =IF(AC82="","",AY82) | X82: =IF(AC82="","",BF82) | AA82: =IF(A82=$G$6,">>"," ") | AB82: =B82 -> Frankrike | AD82: ― | AF82: =F82 -> Norge | AG82: =IF(AC82>AE82,1," ") | AH82: =IF(AC82="","",+IF(AC82=AE82,1," ")) | AI82: =IF(AC82<AE82,1," ") | AW82: =IF(C82=AC82,1,0)+IF(AE82=E82,1,0) -> 2 | AX82: --> | AY82: =IF(AW82=2,2,0) -> 2 | AZ82: =AG82+G82 -> #VALUE! | BA82: =AH82+H82 -> #VALUE! | BB82: =AI82+I82 -> #VALUE! | BC82: --> | BD82: =COUNTIF(AZ82:BB82,2) -> 0 | BE82: --> | BF82: =IF(BD82=1,1,0) -> 0 | BG82: =IF(AK82=K82,2,0) -> 2 | BP82: Bosnien | BR82: Kap Verde | BS82: Colombia | BU82: 1H vs 2J
A83: M54 | B83: =BR87 -> Senegal | D83: ― | F83: =BR88 -> Irak | G83: =IF(C83>E83,1," ") | H83: =IF(C83="","",+IF(C83=E83,1," ")) | I83: =IF(C83<E83,1," ") | W83: =IF(AC83="","",AY83) | X83: =IF(AC83="","",BF83) | AA83: =IF(A83=$G$6,">>"," ") | AB83: =B83 -> Senegal | AD83: ― | AF83: =F83 -> Irak | AG83: =IF(AC83>AE83,1," ") | AH83: =IF(AC83="","",+IF(AC83=AE83,1," ")) | AI83: =IF(AC83<AE83,1," ") | AW83: =IF(C83=AC83,1,0)+IF(AE83=E83,1,0) -> 2 | AX83: --> | AY83: =IF(AW83=2,2,0) -> 2 | AZ83: =AG83+G83 -> #VALUE! | BA83: =AH83+H83 -> #VALUE! | BB83: =AI83+I83 -> #VALUE! | BC83: --> | BD83: =COUNTIF(AZ83:BB83,2) -> 0 | BE83: --> | BF83: =IF(BD83=1,1,0) -> 0 | BG83: =IF(AK83=K83,2,0) -> 2 | BP83: Qatar | BR83: Saudiarabien | BS83: Curaçao | BU83: 1I vs 3C/3D/3F/3G/3H
W84: =SUM(W78:Y83) -> 0 | X84: av | Y84: Max 26 | BP84: Schweiz | BR84: Uruguay | BS84: DR Kongo | BU84: 1J vs 2H
B85: Grupp J | G85: 1 | H85: X | I85: 2 | K85: Grupp J | L85: S | M85: V | N85: O | O85: F | P85: GM | Q85: IM | R85: M+/- | S85: Poäng | AB85: Grupp J | AG85: 1 | AH85: X | AI85: 2 | AK85: Grupp J | BP85: Grupp C | BR85: Grupp I | BS85: Ecuador | BU85: 1K vs 3D/3E/3I/3J/3L
A86: M55 | B86: =BR91 -> Argentina | D86: ― | F86: =BR92 -> Algeriet | G86: =IF(C86>E86,1," ") | H86: =IF(C86="","",+IF(C86=E86,1," ")) | I86: =IF(C86<E86,1," ") | J86: 1 | K86: ='Grupp J'!L7 -> Argentina | L86: ='Grupp J'!M7 -> 0 | M86: ='Grupp J'!N7 -> 0 | N86: ='Grupp J'!O7 -> 0 | O86: ='Grupp J'!P7 -> 0 | P86: ='Grupp J'!Q7 -> 0 | Q86: ='Grupp J'!R7 -> 0 | R86: ='Grupp J'!S7 -> 0 | S86: ='Grupp J'!T7 -> 0 | W86: =IF(AC86="","",AY86) | X86: =IF(AC86="","",BF86) | Y86: =IF(AK86=0,"",BG86) | AB86: =B86 -> Argentina | AD86: ― | AF86: =F86 -> Algeriet | AG86: =IF(AC86>AE86,1," ") | AH86: =IF(AC86="","",+IF(AC86=AE86,1," ")) | AI86: =IF(AC86<AE86,1," ") | AJ86: 1 | AW86: =IF(C86=AC86,1,0)+IF(AE86=E86,1,0) -> 2 | AX86: --> | AY86: =IF(AW86=2,2,0) -> 2 | AZ86: =AG86+G86 -> #VALUE! | BA86: =AH86+H86 -> #VALUE! | BB86: =AI86+I86 -> #VALUE! | BC86: --> | BD86: =COUNTIF(AZ86:BB86,2) -> 0 | BE86: --> | BF86: =IF(BD86=1,1,0) -> 0 | BG86: =IF(AK86=K86,2,0) -> 0 | BP86: Brasilien | BR86: Frankrike | BS86: Egypten | BU86: 1L vs 3E/3H/3I/3J/3K
A87: M56 | B87: =BR93 -> Österrike | D87: ― | F87: =BR94 -> Jordanien | G87: =IF(C87>E87,1," ") | H87: =IF(C87="","",+IF(C87=E87,1," ")) | I87: =IF(C87<E87,1," ") | J87: 2 | K87: ='Grupp J'!L8 -> Algeriet | L87: ='Grupp J'!M8 -> 0 | M87: ='Grupp J'!N8 -> 0 | N87: ='Grupp J'!O8 -> 0 | O87: ='Grupp J'!P8 -> 0 | P87: ='Grupp J'!Q8 -> 0 | Q87: ='Grupp J'!R8 -> 0 | R87: ='Grupp J'!S8 -> 0 | S87: ='Grupp J'!T8 -> 0 | W87: =IF(AC87="","",AY87) | X87: =IF(AC87="","",BF87) | Y87: =IF(AK87=0,"",BG87) | AB87: =B87 -> Österrike | AD87: ― | AF87: =F87 -> Jordanien | AG87: =IF(AC87>AE87,1," ") | AH87: =IF(AC87="","",+IF(AC87=AE87,1," ")) | AI87: =IF(AC87<AE87,1," ") | AJ87: 2 | AW87: =IF(C87=AC87,1,0)+IF(AE87=E87,1,0) -> 2 | AX87: --> | AY87: =IF(AW87=2,2,0) -> 2 | AZ87: =AG87+G87 -> #VALUE! | BA87: =AH87+H87 -> #VALUE! | BB87: =AI87+I87 -> #VALUE! | BC87: --> | BD87: =COUNTIF(AZ87:BB87,2) -> 0 | BE87: --> | BF87: =IF(BD87=1,1,0) -> 0 | BG87: =IF(AK87=K87,2,0) -> 0 | BP87: Marocko | BR87: Senegal | BS87: Elfenbenskusten | BU87: 2A vs 2B
A88: M57 | B88: =BR91 -> Argentina | D88: ― | F88: =BR93 -> Österrike | G88: =IF(C88>E88,1," ") | H88: =IF(C88="","",+IF(C88=E88,1," ")) | I88: =IF(C88<E88,1," ") | J88: 3 | K88: ='Grupp J'!L9 -> Österrike | L88: ='Grupp J'!M9 -> 0 | M88: ='Grupp J'!N9 -> 0 | N88: ='Grupp J'!O9 -> 0 | O88: ='Grupp J'!P9 -> 0 | P88: ='Grupp J'!Q9 -> 0 | Q88: ='Grupp J'!R9 -> 0 | R88: ='Grupp J'!S9 -> 0 | S88: ='Grupp J'!T9 -> 0 | W88: =IF(AC88="","",AY88) | X88: =IF(AC88="","",BF88) | Y88: =IF(AK88=0,"",BG88) | AB88: =B88 -> Argentina | AD88: ― | AF88: =F88 -> Österrike | AG88: =IF(AC88>AE88,1," ") | AH88: =IF(AC88="","",+IF(AC88=AE88,1," ")) | AI88: =IF(AC88<AE88,1," ") | AJ88: 3 | AW88: =IF(C88=AC88,1,0)+IF(AE88=E88,1,0) -> 2 | AX88: --> | AY88: =IF(AW88=2,2,0) -> 2 | AZ88: =AG88+G88 -> #VALUE! | BA88: =AH88+H88 -> #VALUE! | BB88: =AI88+I88 -> #VALUE! | BC88: --> | BD88: =COUNTIF(AZ88:BB88,2) -> 0 | BE88: --> | BF88: =IF(BD88=1,1,0) -> 0 | BG88: =IF(AK88=K88,2,0) -> 0 | BP88: Haiti | BR88: Irak | BS88: England | BU88: 2D vs 2G
A89: M58 | B89: =BR92 -> Algeriet | D89: ― | F89: =BR94 -> Jordanien | G89: =IF(C89>E89,1," ") | H89: =IF(C89="","",+IF(C89=E89,1," ")) | I89: =IF(C89<E89,1," ") | J89: 4 | K89: ='Grupp J'!L10 -> Jordanien | L89: ='Grupp J'!M10 -> 0 | M89: ='Grupp J'!N10 -> 0 | N89: ='Grupp J'!O10 -> 0 | O89: ='Grupp J'!P10 -> 0 | P89: ='Grupp J'!Q10 -> 0 | Q89: ='Grupp J'!R10 -> 0 | R89: ='Grupp J'!S10 -> 0 | S89: ='Grupp J'!T10 -> 0 | W89: =IF(AC89="","",AY89) | X89: =IF(AC89="","",BF89) | Y89: =IF(AK89=0,"",BG89) | AB89: =B89 -> Algeriet | AD89: ― | AF89: =F89 -> Jordanien | AG89: =IF(AC89>AE89,1," ") | AH89: =IF(AC89="","",+IF(AC89=AE89,1," ")) | AI89: =IF(AC89<AE89,1," ") | AJ89: 4 | AW89: =IF(C89=AC89,1,0)+IF(AE89=E89,1,0) -> 2 | AX89: --> | AY89: =IF(AW89=2,2,0) -> 2 | AZ89: =AG89+G89 -> #VALUE! | BA89: =AH89+H89 -> #VALUE! | BB89: =AI89+I89 -> #VALUE! | BC89: --> | BD89: =COUNTIF(AZ89:BB89,2) -> 0 | BE89: --> | BF89: =IF(BD89=1,1,0) -> 0 | BG89: =IF(AK89=K89,2,0) -> 0 | BP89: Skottland | BR89: Norge | BS89: Frankrike | BU89: 2E vs 2I
A90: M59 | B90: =BR91 -> Argentina | D90: ― | F90: =BR94 -> Jordanien | G90: =IF(C90>E90,1," ") | H90: =IF(C90="","",+IF(C90=E90,1," ")) | I90: =IF(C90<E90,1," ") | W90: =IF(AC90="","",AY90) | X90: =IF(AC90="","",BF90) | AB90: =B90 -> Argentina | AD90: ― | AF90: =F90 -> Jordanien | AG90: =IF(AC90>AE90,1," ") | AH90: =IF(AC90="","",+IF(AC90=AE90,1," ")) | AI90: =IF(AC90<AE90,1," ") | AW90: =IF(C90=AC90,1,0)+IF(AE90=E90,1,0) -> 2 | AX90: --> | AY90: =IF(AW90=2,2,0) -> 2 | AZ90: =AG90+G90 -> #VALUE! | BA90: =AH90+H90 -> #VALUE! | BB90: =AI90+I90 -> #VALUE! | BC90: --> | BD90: =COUNTIF(AZ90:BB90,2) -> 0 | BE90: --> | BF90: =IF(BD90=1,1,0) -> 0 | BG90: =IF(AK90=K90,2,0) -> 2 | BP90: Grupp D | BR90: Grupp J | BS90: Ghana | BU90: 2K vs 2L
A91: M60 | B91: =BR92 -> Algeriet | D91: ― | F91: =BR93 -> Österrike | G91: =IF(C91>E91,1," ") | H91: =IF(C91="","",+IF(C91=E91,1," ")) | I91: =IF(C91<E91,1," ") | W91: =IF(AC91="","",AY91) | X91: =IF(AC91="","",BF91) | AB91: =B91 -> Algeriet | AD91: ― | AF91: =F91 -> Österrike | AG91: =IF(AC91>AE91,1," ") | AH91: =IF(AC91="","",+IF(AC91=AE91,1," ")) | AI91: =IF(AC91<AE91,1," ") | AW91: =IF(C91=AC91,1,0)+IF(AE91=E91,1,0) -> 2 | AX91: --> | AY91: =IF(AW91=2,2,0) -> 2 | AZ91: =AG91+G91 -> #VALUE! | BA91: =AH91+H91 -> #VALUE! | BB91: =AI91+I91 -> #VALUE! | BC91: --> | BD91: =COUNTIF(AZ91:BB91,2) -> 0 | BE91: --> | BF91: =IF(BD91=1,1,0) -> 0 | BG91: =IF(AK91=K91,2,0) -> 2 | BP91: USA | BR91: Argentina | BS91: Haiti
W92: =SUM(W86:Y91) -> 0 | X92: av | Y92: Max 26 | BP92: Paraguay | BR92: Algeriet | BS92: Irak
B93: Grupp K | G93: 1 | H93: X | I93: 2 | K93: Grupp K | L93: S | M93: V | N93: O | O93: F | P93: GM | Q93: IM | R93: M+/- | S93: Poäng | AB93: Grupp K | AG93: 1 | AH93: X | AI93: 2 | AK93: Grupp K | BP93: Australien | BR93: Österrike | BS93: Iran
A94: M61 | B94: =BR96 -> Portugal | D94: ― | F94: =BR97 -> DR Kongo | G94: =IF(C94>E94,1," ") | H94: =IF(C94="","",+IF(C94=E94,1," ")) | I94: =IF(C94<E94,1," ") | J94: 1 | K94: ='Grupp K'!L7 -> Portugal | L94: ='Grupp K'!M7 -> 0 | M94: ='Grupp K'!N7 -> 0 | N94: ='Grupp K'!O7 -> 0 | O94: ='Grupp K'!P7 -> 0 | P94: ='Grupp K'!Q7 -> 0 | Q94: ='Grupp K'!R7 -> 0 | R94: ='Grupp K'!S7 -> 0 | S94: ='Grupp K'!T7 -> 0 | W94: =IF(AC94="","",AY94) | X94: =IF(AC94="","",BF94) | Y94: =IF(AK94=0,"",BG94) | AB94: =B94 -> Portugal | AD94: ― | AF94: =F94 -> DR Kongo | AG94: =IF(AC94>AE94,1," ") | AH94: =IF(AC94="","",+IF(AC94=AE94,1," ")) | AI94: =IF(AC94<AE94,1," ") | AJ94: 1 | AW94: =IF(C94=AC94,1,0)+IF(AE94=E94,1,0) -> 2 | AX94: --> | AY94: =IF(AW94=2,2,0) -> 2 | AZ94: =AG94+G94 -> #VALUE! | BA94: =AH94+H94 -> #VALUE! | BB94: =AI94+I94 -> #VALUE! | BC94: --> | BD94: =COUNTIF(AZ94:BB94,2) -> 0 | BE94: --> | BF94: =IF(BD94=1,1,0) -> 0 | BG94: =IF(AK94=K94,2,0) -> 0 | BP94: Turkiet | BR94: Jordanien | BS94: Japan
A95: M62 | B95: =BR98 -> Uzbekistan | D95: ― | F95: =BR99 -> Colombia | G95: =IF(C95>E95,1," ") | H95: =IF(C95="","",+IF(C95=E95,1," ")) | I95: =IF(C95<E95,1," ") | J95: 2 | K95: ='Grupp K'!L8 -> DR Kongo | L95: ='Grupp K'!M8 -> 0 | M95: ='Grupp K'!N8 -> 0 | N95: ='Grupp K'!O8 -> 0 | O95: ='Grupp K'!P8 -> 0 | P95: ='Grupp K'!Q8 -> 0 | Q95: ='Grupp K'!R8 -> 0 | R95: ='Grupp K'!S8 -> 0 | S95: ='Grupp K'!T8 -> 0 | W95: =IF(AC95="","",AY95) | X95: =IF(AC95="","",BF95) | Y95: =IF(AK95=0,"",BG95) | AB95: =B95 -> Uzbekistan | AD95: ― | AF95: =F95 -> Colombia | AG95: =IF(AC95>AE95,1," ") | AH95: =IF(AC95="","",+IF(AC95=AE95,1," ")) | AI95: =IF(AC95<AE95,1," ") | AJ95: 2 | AW95: =IF(C95=AC95,1,0)+IF(AE95=E95,1,0) -> 2 | AX95: --> | AY95: =IF(AW95=2,2,0) -> 2 | AZ95: =AG95+G95 -> #VALUE! | BA95: =AH95+H95 -> #VALUE! | BB95: =AI95+I95 -> #VALUE! | BC95: --> | BD95: =COUNTIF(AZ95:BB95,2) -> 0 | BE95: --> | BF95: =IF(BD95=1,1,0) -> 0 | BG95: =IF(AK95=K95,2,0) -> 0 | BP95: Grupp E | BR95: Grupp K | BS95: Jordanien
A96: M63 | B96: =BR96 -> Portugal | D96: ― | F96: =BR98 -> Uzbekistan | G96: =IF(C96>E96,1," ") | H96: =IF(C96="","",+IF(C96=E96,1," ")) | I96: =IF(C96<E96,1," ") | J96: 3 | K96: ='Grupp K'!L9 -> Uzbekistan | L96: ='Grupp K'!M9 -> 0 | M96: ='Grupp K'!N9 -> 0 | N96: ='Grupp K'!O9 -> 0 | O96: ='Grupp K'!P9 -> 0 | P96: ='Grupp K'!Q9 -> 0 | Q96: ='Grupp K'!R9 -> 0 | R96: ='Grupp K'!S9 -> 0 | S96: ='Grupp K'!T9 -> 0 | W96: =IF(AC96="","",AY96) | X96: =IF(AC96="","",BF96) | Y96: =IF(AK96=0,"",BG96) | AB96: =B96 -> Portugal | AD96: ― | AF96: =F96 -> Uzbekistan | AG96: =IF(AC96>AE96,1," ") | AH96: =IF(AC96="","",+IF(AC96=AE96,1," ")) | AI96: =IF(AC96<AE96,1," ") | AJ96: 3 | AW96: =IF(C96=AC96,1,0)+IF(AE96=E96,1,0) -> 2 | AX96: --> | AY96: =IF(AW96=2,2,0) -> 2 | AZ96: =AG96+G96 -> #VALUE! | BA96: =AH96+H96 -> #VALUE! | BB96: =AI96+I96 -> #VALUE! | BC96: --> | BD96: =COUNTIF(AZ96:BB96,2) -> 0 | BE96: --> | BF96: =IF(BD96=1,1,0) -> 0 | BG96: =IF(AK96=K96,2,0) -> 0 | BP96: Tyskland | BR96: Portugal | BS96: Kanada
A97: M64 | B97: =BR97 -> DR Kongo | D97: ― | F97: =BR99 -> Colombia | G97: =IF(C97>E97,1," ") | H97: =IF(C97="","",+IF(C97=E97,1," ")) | I97: =IF(C97<E97,1," ") | J97: 4 | K97: ='Grupp K'!L10 -> Colombia | L97: ='Grupp K'!M10 -> 0 | M97: ='Grupp K'!N10 -> 0 | N97: ='Grupp K'!O10 -> 0 | O97: ='Grupp K'!P10 -> 0 | P97: ='Grupp K'!Q10 -> 0 | Q97: ='Grupp K'!R10 -> 0 | R97: ='Grupp K'!S10 -> 0 | S97: ='Grupp K'!T10 -> 0 | W97: =IF(AC97="","",AY97) | X97: =IF(AC97="","",BF97) | Y97: =IF(AK97=0,"",BG97) | AB97: =B97 -> DR Kongo | AD97: ― | AF97: =F97 -> Colombia | AG97: =IF(AC97>AE97,1," ") | AH97: =IF(AC97="","",+IF(AC97=AE97,1," ")) | AI97: =IF(AC97<AE97,1," ") | AJ97: 4 | AW97: =IF(C97=AC97,1,0)+IF(AE97=E97,1,0) -> 2 | AX97: --> | AY97: =IF(AW97=2,2,0) -> 2 | AZ97: =AG97+G97 -> #VALUE! | BA97: =AH97+H97 -> #VALUE! | BB97: =AI97+I97 -> #VALUE! | BC97: --> | BD97: =COUNTIF(AZ97:BB97,2) -> 0 | BE97: --> | BF97: =IF(BD97=1,1,0) -> 0 | BG97: =IF(AK97=K97,2,0) -> 0 | BP97: Curaçao | BR97: DR Kongo | BS97: Kap Verde
A98: M65 | B98: =BR96 -> Portugal | D98: ― | F98: =BR99 -> Colombia | G98: =IF(C98>E98,1," ") | H98: =IF(C98="","",+IF(C98=E98,1," ")) | I98: =IF(C98<E98,1," ") | W98: =IF(AC98="","",AY98) | X98: =IF(AC98="","",BF98) | AB98: =B98 -> Portugal | AD98: ― | AF98: =F98 -> Colombia | AG98: =IF(AC98>AE98,1," ") | AH98: =IF(AC98="","",+IF(AC98=AE98,1," ")) | AI98: =IF(AC98<AE98,1," ") | AW98: =IF(C98=AC98,1,0)+IF(AE98=E98,1,0) -> 2 | AX98: --> | AY98: =IF(AW98=2,2,0) -> 2 | AZ98: =AG98+G98 -> #VALUE! | BA98: =AH98+H98 -> #VALUE! | BB98: =AI98+I98 -> #VALUE! | BC98: --> | BD98: =COUNTIF(AZ98:BB98,2) -> 0 | BE98: --> | BF98: =IF(BD98=1,1,0) -> 0 | BG98: =IF(AK98=K98,2,0) -> 2 | BP98: Elfenbenskusten | BR98: Uzbekistan | BS98: Kroatien
A99: M66 | B99: =BR97 -> DR Kongo | D99: ― | F99: =BR98 -> Uzbekistan | G99: =IF(C99>E99,1," ") | H99: =IF(C99="","",+IF(C99=E99,1," ")) | I99: =IF(C99<E99,1," ") | W99: =IF(AC99="","",AY99) | X99: =IF(AC99="","",BF99) | AB99: =B99 -> DR Kongo | AD99: ― | AF99: =F99 -> Uzbekistan | AG99: =IF(AC99>AE99,1," ") | AH99: =IF(AC99="","",+IF(AC99=AE99,1," ")) | AI99: =IF(AC99<AE99,1," ") | AW99: =IF(C99=AC99,1,0)+IF(AE99=E99,1,0) -> 2 | AX99: --> | AY99: =IF(AW99=2,2,0) -> 2 | AZ99: =AG99+G99 -> #VALUE! | BA99: =AH99+H99 -> #VALUE! | BB99: =AI99+I99 -> #VALUE! | BC99: --> | BD99: =COUNTIF(AZ99:BB99,2) -> 0 | BE99: --> | BF99: =IF(BD99=1,1,0) -> 0 | BG99: =IF(AK99=K99,2,0) -> 2 | BP99: Ecuador | BR99: Colombia | BS99: Marocko
W100: =SUM(W94:Y99) -> 0 | X100: av | Y100: Max 26 | BP100: Grupp F | BR100: Grupp L | BS100: Mexiko
...

Sheet 8 bästa grupp 3or
B2: 8 bästa grupp 3or
B4: Lag | G4: Poäng
AG5: Grupp A
K6: Nn | L6: Teams | M6: P | N6: W | O6: D | P6: L | Q6: Ga | R6: Gf | S6: G+/- | T6: Points | U6: rank | V6: Teams | W6: P | X6: W | Y6: D | Z6: L | AA6: Ga | AB6: Gf | AC6: G+/- | AD6: Points | AE6: Criteria for rank | AF6: Grupp | AG6: ='VM-tipset 2026 mall'!BP76 -> Mexiko
K7: 1 | L7: =VLOOKUP($K7,$U$6:$AD$18,COLUMNS($L$7:L7)+1,FALSE) -> Sydkorea | M7: =VLOOKUP($K7,$U$6:$AD$18,COLUMNS($L$7:M7)+1,FALSE) -> 0 | N7: =VLOOKUP($K7,$U$6:$AD$18,COLUMNS($L$7:N7)+1,FALSE) -> 0 | O7: =VLOOKUP($K7,$U$6:$AD$18,COLUMNS($L$7:O7)+1,FALSE) -> 0 | P7: =VLOOKUP($K7,$U$6:$AD$18,COLUMNS($L$7:P7)+1,FALSE) -> 0 | Q7: =VLOOKUP($K7,$U$6:$AD$18,COLUMNS($L$7:Q7)+1,FALSE) -> 0 | R7: =VLOOKUP($K7,$U$6:$AD$18,COLUMNS($L$7:R7)+1,FALSE) -> 0 | S7: =VLOOKUP($K7,$U$6:$AD$18,COLUMNS($L$7:S7)+1,FALSE) -> 0 | T7: =VLOOKUP($K7,$U$6:$AD$18,COLUMNS($L$7:T7)+1,FALSE) -> 0 | U7: =RANK(AE7,$AE$7:$AE$18,0)+COUNTIF($AE$6:AE6,AE7) -> 1 | V7: ='VM-tipset 2026 mall'!K16 -> Sydkorea | W7: ='VM-tipset 2026 mall'!L16 -> 0 | X7: ='VM-tipset 2026 mall'!M16 -> 0 | Y7: ='VM-tipset 2026 mall'!N16 -> 0 | Z7: ='VM-tipset 2026 mall'!O16 -> 0 | AA7: ='VM-tipset 2026 mall'!P16 -> 0 | AB7: ='VM-tipset 2026 mall'!Q16 -> 0 | AC7: ='VM-tipset 2026 mall'!R16 -> 0 | AD7: ='VM-tipset 2026 mall'!S16 -> 0 | AE7: =SUM(AD7*1000000+AC7*10000+AA7*100+X7*10) -> 0 | AF7: A | AG7: ='VM-tipset 2026 mall'!BP77 -> Sydafrika
K8: 2 | L8: =VLOOKUP($K8,$U$6:$AD$18,COLUMNS($L$7:L8)+1,FALSE) -> Qatar | M8: =VLOOKUP($K8,$U$6:$AD$18,COLUMNS($L$7:M8)+1,FALSE) -> 0 | N8: =VLOOKUP($K8,$U$6:$AD$18,COLUMNS($L$7:N8)+1,FALSE) -> 0 | O8: =VLOOKUP($K8,$U$6:$AD$18,COLUMNS($L$7:O8)+1,FALSE) -> 0 | P8: =VLOOKUP($K8,$U$6:$AD$18,COLUMNS($L$7:P8)+1,FALSE) -> 0 | Q8: =VLOOKUP($K8,$U$6:$AD$18,COLUMNS($L$7:Q8)+1,FALSE) -> 0 | R8: =VLOOKUP($K8,$U$6:$AD$18,COLUMNS($L$7:R8)+1,FALSE) -> 0 | S8: =VLOOKUP($K8,$U$6:$AD$18,COLUMNS($L$7:S8)+1,FALSE) -> 0 | T8: =VLOOKUP($K8,$U$6:$AD$18,COLUMNS($L$7:T8)+1,FALSE) -> 0 | U8: =RANK(AE8,$AE$7:$AE$18,0)+COUNTIF($AE$6:AE7,AE8) -> 2 | V8: ='VM-tipset 2026 mall'!K24 -> Qatar | W8: ='VM-tipset 2026 mall'!L24 -> 0 | X8: ='VM-tipset 2026 mall'!M24 -> 0 | Y8: ='VM-tipset 2026 mall'!N24 -> 0 | Z8: ='VM-tipset 2026 mall'!O24 -> 0 | AA8: ='VM-tipset 2026 mall'!P24 -> 0 | AB8: ='VM-tipset 2026 mall'!Q24 -> 0 | AC8: ='VM-tipset 2026 mall'!R24 -> 0 | AD8: ='VM-tipset 2026 mall'!S24 -> 0 | AE8: =SUM(AD8*1000000+AC8*10000+AA8*100+X8*10) -> 0 | AF8: B | AG8: ='VM-tipset 2026 mall'!BP78 -> Sydkorea
K9: 3 | L9: =VLOOKUP($K9,$U$6:$AD$18,COLUMNS($L$7:L9)+1,FALSE) -> Haiti | M9: =VLOOKUP($K9,$U$6:$AD$18,COLUMNS($L$7:M9)+1,FALSE) -> 0 | N9: =VLOOKUP($K9,$U$6:$AD$18,COLUMNS($L$7:N9)+1,FALSE) -> 0 | O9: =VLOOKUP($K9,$U$6:$AD$18,COLUMNS($L$7:O9)+1,FALSE) -> 0 | P9: =VLOOKUP($K9,$U$6:$AD$18,COLUMNS($L$7:P9)+1,FALSE) -> 0 | Q9: =VLOOKUP($K9,$U$6:$AD$18,COLUMNS($L$7:Q9)+1,FALSE) -> 0 | R9: =VLOOKUP($K9,$U$6:$AD$18,COLUMNS($L$7:R9)+1,FALSE) -> 0 | S9: =VLOOKUP($K9,$U$6:$AD$18,COLUMNS($L$7:S9)+1,FALSE) -> 0 | T9: =VLOOKUP($K9,$U$6:$AD$18,COLUMNS($L$7:T9)+1,FALSE) -> 0 | U9: =RANK(AE9,$AE$7:$AE$18,0)+COUNTIF($AE$6:AE8,AE9) -> 3 | V9: ='VM-tipset 2026 mall'!K32 -> Haiti | W9: ='VM-tipset 2026 mall'!L32 -> 0 | X9: ='VM-tipset 2026 mall'!M32 -> 0 | Y9: ='VM-tipset 2026 mall'!N32 -> 0 | Z9: ='VM-tipset 2026 mall'!O32 -> 0 | AA9: ='VM-tipset 2026 mall'!P32 -> 0 | AB9: ='VM-tipset 2026 mall'!Q32 -> 0 | AC9: ='VM-tipset 2026 mall'!R32 -> 0 | AD9: ='VM-tipset 2026 mall'!S32 -> 0 | AE9: =SUM(AD9*1000000+AC9*10000+AA9*100+X9*10) -> 0 | AF9: C | AG9: ='VM-tipset 2026 mall'!BP79 -> Tjeckien
K10: 4 | L10: =VLOOKUP($K10,$U$6:$AD$18,COLUMNS($L$7:L10)+1,FALSE) -> Australien | M10: =VLOOKUP($K10,$U$6:$AD$18,COLUMNS($L$7:M10)+1,FALSE) -> 0 | N10: =VLOOKUP($K10,$U$6:$AD$18,COLUMNS($L$7:N10)+1,FALSE) -> 0 | O10: =VLOOKUP($K10,$U$6:$AD$18,COLUMNS($L$7:O10)+1,FALSE) -> 0 | P10: =VLOOKUP($K10,$U$6:$AD$18,COLUMNS($L$7:P10)+1,FALSE) -> 0 | Q10: =VLOOKUP($K10,$U$6:$AD$18,COLUMNS($L$7:Q10)+1,FALSE) -> 0 | R10: =VLOOKUP($K10,$U$6:$AD$18,COLUMNS($L$7:R10)+1,FALSE) -> 0 | S10: =VLOOKUP($K10,$U$6:$AD$18,COLUMNS($L$7:S10)+1,FALSE) -> 0 | T10: =VLOOKUP($K10,$U$6:$AD$18,COLUMNS($L$7:T10)+1,FALSE) -> 0 | U10: =RANK(AE10,$AE$7:$AE$18,0)+COUNTIF($AE$6:AE9,AE10) -> 4 | V10: ='VM-tipset 2026 mall'!K40 -> Australien | W10: ='VM-tipset 2026 mall'!L40 -> 0 | X10: ='VM-tipset 2026 mall'!M40 -> 0 | Y10: ='VM-tipset 2026 mall'!N40 -> 0 | Z10: ='VM-tipset 2026 mall'!O40 -> 0 | AA10: ='VM-tipset 2026 mall'!P40 -> 0 | AB10: ='VM-tipset 2026 mall'!Q40 -> 0 | AC10: ='VM-tipset 2026 mall'!R40 -> 0 | AD10: ='VM-tipset 2026 mall'!S40 -> 0 | AE10: =SUM(AD10*1000000+AC10*10000+AA10*100+X10*10) -> 0 | AF10: D
K11: 5 | L11: =VLOOKUP($K11,$U$6:$AD$18,COLUMNS($L$7:L11)+1,FALSE) -> Elfenbenskusten | M11: =VLOOKUP($K11,$U$6:$AD$18,COLUMNS($L$7:M11)+1,FALSE) -> 0 | N11: =VLOOKUP($K11,$U$6:$AD$18,COLUMNS($L$7:N11)+1,FALSE) -> 0 | O11: =VLOOKUP($K11,$U$6:$AD$18,COLUMNS($L$7:O11)+1,FALSE) -> 0 | P11: =VLOOKUP($K11,$U$6:$AD$18,COLUMNS($L$7:P11)+1,FALSE) -> 0 | Q11: =VLOOKUP($K11,$U$6:$AD$18,COLUMNS($L$7:Q11)+1,FALSE) -> 0 | R11: =VLOOKUP($K11,$U$6:$AD$18,COLUMNS($L$7:R11)+1,FALSE) -> 0 | S11: =VLOOKUP($K11,$U$6:$AD$18,COLUMNS($L$7:S11)+1,FALSE) -> 0 | T11: =VLOOKUP($K11,$U$6:$AD$18,COLUMNS($L$7:T11)+1,FALSE) -> 0 | U11: =RANK(AE11,$AE$7:$AE$18,0)+COUNTIF($AE$6:AE10,AE11) -> 5 | V11: ='VM-tipset 2026 mall'!K48 -> Elfenbenskusten | W11: ='VM-tipset 2026 mall'!L48 -> 0 | X11: ='VM-tipset 2026 mall'!M48 -> 0 | Y11: ='VM-tipset 2026 mall'!N48 -> 0 | Z11: ='VM-tipset 2026 mall'!O48 -> 0 | AA11: ='VM-tipset 2026 mall'!P48 -> 0 | AB11: ='VM-tipset 2026 mall'!Q48 -> 0 | AC11: ='VM-tipset 2026 mall'!R48 -> 0 | AD11: ='VM-tipset 2026 mall'!S48 -> 0 | AE11: =SUM(AD11*1000000+AC11*10000+AA11*100+X11*10) -> 0 | AF11: E
K12: 6 | L12: =VLOOKUP($K12,$U$6:$AD$18,COLUMNS($L$7:L12)+1,FALSE) -> Sverige | M12: =VLOOKUP($K12,$U$6:$AD$18,COLUMNS($L$7:M12)+1,FALSE) -> 0 | N12: =VLOOKUP($K12,$U$6:$AD$18,COLUMNS($L$7:N12)+1,FALSE) -> 0 | O12: =VLOOKUP($K12,$U$6:$AD$18,COLUMNS($L$7:O12)+1,FALSE) -> 0 | P12: =VLOOKUP($K12,$U$6:$AD$18,COLUMNS($L$7:P12)+1,FALSE) -> 0 | Q12: =VLOOKUP($K12,$U$6:$AD$18,COLUMNS($L$7:Q12)+1,FALSE) -> 0 | R12: =VLOOKUP($K12,$U$6:$AD$18,COLUMNS($L$7:R12)+1,FALSE) -> 0 | S12: =VLOOKUP($K12,$U$6:$AD$18,COLUMNS($L$7:S12)+1,FALSE) -> 0 | T12: =VLOOKUP($K12,$U$6:$AD$18,COLUMNS($L$7:T12)+1,FALSE) -> 0 | U12: =RANK(AE12,$AE$7:$AE$18,0)+COUNTIF($AE$6:AE11,AE12) -> 6 | V12: ='VM-tipset 2026 mall'!K56 -> Sverige | W12: ='VM-tipset 2026 mall'!L56 -> 0 | X12: ='VM-tipset 2026 mall'!M56 -> 0 | Y12: ='VM-tipset 2026 mall'!N56 -> 0 | Z12: ='VM-tipset 2026 mall'!O56 -> 0 | AA12: ='VM-tipset 2026 mall'!P56 -> 0 | AB12: ='VM-tipset 2026 mall'!Q56 -> 0 | AC12: ='VM-tipset 2026 mall'!R56 -> 0 | AD12: ='VM-tipset 2026 mall'!S56 -> 0 | AE12: =SUM(AD12*1000000+AC12*10000+AA12*100+X12*10) -> 0 | AF12: F
K13: 7 | L13: =VLOOKUP($K13,$U$6:$AD$18,COLUMNS($L$7:L13)+1,FALSE) -> Iran | M13: =VLOOKUP($K13,$U$6:$AD$18,COLUMNS($L$7:M13)+1,FALSE) -> 0 | N13: =VLOOKUP($K13,$U$6:$AD$18,COLUMNS($L$7:N13)+1,FALSE) -> 0 | O13: =VLOOKUP($K13,$U$6:$AD$18,COLUMNS($L$7:O13)+1,FALSE) -> 0 | P13: =VLOOKUP($K13,$U$6:$AD$18,COLUMNS($L$7:P13)+1,FALSE) -> 0 | Q13: =VLOOKUP($K13,$U$6:$AD$18,COLUMNS($L$7:Q13)+1,FALSE) -> 0 | R13: =VLOOKUP($K13,$U$6:$AD$18,COLUMNS($L$7:R13)+1,FALSE) -> 0 | S13: =VLOOKUP($K13,$U$6:$AD$18,COLUMNS($L$7:S13)+1,FALSE) -> 0 | T13: =VLOOKUP($K13,$U$6:$AD$18,COLUMNS($L$7:T13)+1,FALSE) -> 0 | U13: =RANK(AE13,$AE$7:$AE$18,0)+COUNTIF($AE$6:AE12,AE13) -> 7 | V13: ='VM-tipset 2026 mall'!K64 -> Iran | W13: ='VM-tipset 2026 mall'!L64 -> 0 | X13: ='VM-tipset 2026 mall'!M64 -> 0 | Y13: ='VM-tipset 2026 mall'!N64 -> 0 | Z13: ='VM-tipset 2026 mall'!O64 -> 0 | AA13: ='VM-tipset 2026 mall'!P64 -> 0 | AB13: ='VM-tipset 2026 mall'!Q64 -> 0 | AC13: ='VM-tipset 2026 mall'!R64 -> 0 | AD13: ='VM-tipset 2026 mall'!S64 -> 0 | AE13: =SUM(AD13*1000000+AC13*10000+AA13*100+X13*10) -> 0 | AF13: G
K14: 8 | L14: =VLOOKUP($K14,$U$6:$AD$18,COLUMNS($L$7:L14)+1,FALSE) -> Saudiarabien | M14: =VLOOKUP($K14,$U$6:$AD$18,COLUMNS($L$7:M14)+1,FALSE) -> 0 | N14: =VLOOKUP($K14,$U$6:$AD$18,COLUMNS($L$7:N14)+1,FALSE) -> 0 | O14: =VLOOKUP($K14,$U$6:$AD$18,COLUMNS($L$7:O14)+1,FALSE) -> 0 | P14: =VLOOKUP($K14,$U$6:$AD$18,COLUMNS($L$7:P14)+1,FALSE) -> 0 | Q14: =VLOOKUP($K14,$U$6:$AD$18,COLUMNS($L$7:Q14)+1,FALSE) -> 0 | R14: =VLOOKUP($K14,$U$6:$AD$18,COLUMNS($L$7:R14)+1,FALSE) -> 0 | S14: =VLOOKUP($K14,$U$6:$AD$18,COLUMNS($L$7:S14)+1,FALSE) -> 0 | T14: =VLOOKUP($K14,$U$6:$AD$18,COLUMNS($L$7:T14)+1,FALSE) -> 0 | U14: =RANK(AE14,$AE$7:$AE$18,0)+COUNTIF($AE$6:AE13,AE14) -> 8 | V14: ='VM-tipset 2026 mall'!K72 -> Saudiarabien | W14: ='VM-tipset 2026 mall'!L72 -> 0 | X14: ='VM-tipset 2026 mall'!M72 -> 0 | Y14: ='VM-tipset 2026 mall'!N72 -> 0 | Z14: ='VM-tipset 2026 mall'!O72 -> 0 | AA14: ='VM-tipset 2026 mall'!P72 -> 0 | AB14: ='VM-tipset 2026 mall'!Q72 -> 0 | AC14: ='VM-tipset 2026 mall'!R72 -> 0 | AD14: ='VM-tipset 2026 mall'!S72 -> 0 | AE14: =SUM(AD14*1000000+AC14*10000+AA14*100+X14*10) -> 0 | AF14: H
K15: 9 | L15: =VLOOKUP($K15,$U$6:$AD$18,COLUMNS($L$7:L15)+1,FALSE) -> Irak | M15: =VLOOKUP($K15,$U$6:$AD$18,COLUMNS($L$7:M15)+1,FALSE) -> 0 | N15: =VLOOKUP($K15,$U$6:$AD$18,COLUMNS($L$7:N15)+1,FALSE) -> 0 | O15: =VLOOKUP($K15,$U$6:$AD$18,COLUMNS($L$7:O15)+1,FALSE) -> 0 | P15: =VLOOKUP($K15,$U$6:$AD$18,COLUMNS($L$7:P15)+1,FALSE) -> 0 | Q15: =VLOOKUP($K15,$U$6:$AD$18,COLUMNS($L$7:Q15)+1,FALSE) -> 0 | R15: =VLOOKUP($K15,$U$6:$AD$18,COLUMNS($L$7:R15)+1,FALSE) -> 0 | S15: =VLOOKUP($K15,$U$6:$AD$18,COLUMNS($L$7:S15)+1,FALSE) -> 0 | T15: =VLOOKUP($K15,$U$6:$AD$18,COLUMNS($L$7:T15)+1,FALSE) -> 0 | U15: =RANK(AE15,$AE$7:$AE$18,0)+COUNTIF($AE$6:AE14,AE15) -> 9 | V15: ='VM-tipset 2026 mall'!K80 -> Irak | W15: ='VM-tipset 2026 mall'!L80 -> 0 | X15: ='VM-tipset 2026 mall'!M80 -> 0 | Y15: ='VM-tipset 2026 mall'!N80 -> 0 | Z15: ='VM-tipset 2026 mall'!O80 -> 0 | AA15: ='VM-tipset 2026 mall'!P80 -> 0 | AB15: ='VM-tipset 2026 mall'!Q80 -> 0 | AC15: ='VM-tipset 2026 mall'!R80 -> 0 | AD15: ='VM-tipset 2026 mall'!S80 -> 0 | AE15: =SUM(AD15*1000000+AC15*10000+AA15*100+X15*10) -> 0 | AF15: I
K16: 10 | L16: =VLOOKUP($K16,$U$6:$AD$18,COLUMNS($L$7:L16)+1,FALSE) -> Österrike | M16: =VLOOKUP($K16,$U$6:$AD$18,COLUMNS($L$7:M16)+1,FALSE) -> 0 | N16: =VLOOKUP($K16,$U$6:$AD$18,COLUMNS($L$7:N16)+1,FALSE) -> 0 | O16: =VLOOKUP($K16,$U$6:$AD$18,COLUMNS($L$7:O16)+1,FALSE) -> 0 | P16: =VLOOKUP($K16,$U$6:$AD$18,COLUMNS($L$7:P16)+1,FALSE) -> 0 | Q16: =VLOOKUP($K16,$U$6:$AD$18,COLUMNS($L$7:Q16)+1,FALSE) -> 0 | R16: =VLOOKUP($K16,$U$6:$AD$18,COLUMNS($L$7:R16)+1,FALSE) -> 0 | S16: =VLOOKUP($K16,$U$6:$AD$18,COLUMNS($L$7:S16)+1,FALSE) -> 0 | T16: =VLOOKUP($K16,$U$6:$AD$18,COLUMNS($L$7:T16)+1,FALSE) -> 0 | U16: =RANK(AE16,$AE$7:$AE$18,0)+COUNTIF($AE$6:AE15,AE16) -> 10 | V16: ='VM-tipset 2026 mall'!K88 -> Österrike | W16: ='VM-tipset 2026 mall'!L88 -> 0 | X16: ='VM-tipset 2026 mall'!M88 -> 0 | Y16: ='VM-tipset 2026 mall'!N88 -> 0 | Z16: ='VM-tipset 2026 mall'!O88 -> 0 | AA16: ='VM-tipset 2026 mall'!P88 -> 0 | AB16: ='VM-tipset 2026 mall'!Q88 -> 0 | AC16: ='VM-tipset 2026 mall'!R88 -> 0 | AD16: ='VM-tipset 2026 mall'!S88 -> 0 | AE16: =SUM(AD16*1000000+AC16*10000+AA16*100+X16*10) -> 0 | AF16: J
K17: 11 | L17: =VLOOKUP($K17,$U$6:$AD$18,COLUMNS($L$7:L17)+1,FALSE) -> Uzbekistan | M17: =VLOOKUP($K17,$U$6:$AD$18,COLUMNS($L$7:M17)+1,FALSE) -> 0 | N17: =VLOOKUP($K17,$U$6:$AD$18,COLUMNS($L$7:N17)+1,FALSE) -> 0 | O17: =VLOOKUP($K17,$U$6:$AD$18,COLUMNS($L$7:O17)+1,FALSE) -> 0 | P17: =VLOOKUP($K17,$U$6:$AD$18,COLUMNS($L$7:P17)+1,FALSE) -> 0 | Q17: =VLOOKUP($K17,$U$6:$AD$18,COLUMNS($L$7:Q17)+1,FALSE) -> 0 | R17: =VLOOKUP($K17,$U$6:$AD$18,COLUMNS($L$7:R17)+1,FALSE) -> 0 | S17: =VLOOKUP($K17,$U$6:$AD$18,COLUMNS($L$7:S17)+1,FALSE) -> 0 | T17: =VLOOKUP($K17,$U$6:$AD$18,COLUMNS($L$7:T17)+1,FALSE) -> 0 | U17: =RANK(AE17,$AE$7:$AE$18,0)+COUNTIF($AE$6:AE16,AE17) -> 11 | V17: ='VM-tipset 2026 mall'!K96 -> Uzbekistan | W17: ='VM-tipset 2026 mall'!L96 -> 0 | X17: ='VM-tipset 2026 mall'!M96 -> 0 | Y17: ='VM-tipset 2026 mall'!N96 -> 0 | Z17: ='VM-tipset 2026 mall'!O96 -> 0 | AA17: ='VM-tipset 2026 mall'!P96 -> 0 | AB17: ='VM-tipset 2026 mall'!Q96 -> 0 | AC17: ='VM-tipset 2026 mall'!R96 -> 0 | AD17: ='VM-tipset 2026 mall'!S96 -> 0 | AE17: =SUM(AD17*1000000+AC17*10000+AA17*100+X17*10) -> 0 | AF17: K
K18: 12 | L18: =VLOOKUP($K18,$U$6:$AD$18,COLUMNS($L$7:L18)+1,FALSE) -> Ghana | M18: =VLOOKUP($K18,$U$6:$AD$18,COLUMNS($L$7:M18)+1,FALSE) -> 0 | N18: =VLOOKUP($K18,$U$6:$AD$18,COLUMNS($L$7:N18)+1,FALSE) -> 0 | O18: =VLOOKUP($K18,$U$6:$AD$18,COLUMNS($L$7:O18)+1,FALSE) -> 0 | P18: =VLOOKUP($K18,$U$6:$AD$18,COLUMNS($L$7:P18)+1,FALSE) -> 0 | Q18: =VLOOKUP($K18,$U$6:$AD$18,COLUMNS($L$7:Q18)+1,FALSE) -> 0 | R18: =VLOOKUP($K18,$U$6:$AD$18,COLUMNS($L$7:R18)+1,FALSE) -> 0 | S18: =VLOOKUP($K18,$U$6:$AD$18,COLUMNS($L$7:S18)+1,FALSE) -> 0 | T18: =VLOOKUP($K18,$U$6:$AD$18,COLUMNS($L$7:T18)+1,FALSE) -> 0 | U18: =RANK(AE18,$AE$7:$AE$18,0)+COUNTIF($AE$6:AE17,AE18) -> 12 | V18: ='VM-tipset 2026 mall'!K104 -> Ghana | W18: ='VM-tipset 2026 mall'!L104 -> 0 | X18: ='VM-tipset 2026 mall'!M104 -> 0 | Y18: ='VM-tipset 2026 mall'!N104 -> 0 | Z18: ='VM-tipset 2026 mall'!O104 -> 0 | AA18: ='VM-tipset 2026 mall'!P104 -> 0 | AB18: ='VM-tipset 2026 mall'!Q104 -> 0 | AC18: ='VM-tipset 2026 mall'!R104 -> 0 | AD18: ='VM-tipset 2026 mall'!S104 -> 0 | AE18: =SUM(AD18*1000000+AC18*10000+AA18*100+X18*10) -> 0 | AF18: L

Sheet Grupp A
B2: Grupp A
B4: Lag | G4: Poäng
B5: ='VM-tipset 2026 mall'!B14 -> Mexiko | C5: ='VM-tipset 2026 mall'!C14 | D5: ='VM-tipset 2026 mall'!E14 | E5: ='VM-tipset 2026 mall'!F14 -> Sydafrika | G5: =IF(C5="","",IF(C5>D5,3,IF(C5=D5,1,0))) | H5: =IF(D5="","",IF(D5>C5,3,IF(D5=C5,1,0))) | AG5: Grupp A
B6: ='VM-tipset 2026 mall'!B15 -> Sydkorea | C6: ='VM-tipset 2026 mall'!C15 | D6: ='VM-tipset 2026 mall'!E15 | E6: ='VM-tipset 2026 mall'!F15 -> Tjeckien | G6: =IF(C6="","",IF(C6>D6,3,IF(C6=D6,1,0))) | H6: =IF(D6="","",IF(D6>C6,3,IF(D6=C6,1,0))) | K6: Nn | L6: Teams | M6: P | N6: W | O6: D | P6: L | Q6: Ga | R6: Gf | S6: G+/- | T6: Points | U6: rank | V6: Teams | W6: P | X6: W | Y6: D | Z6: L | AA6: Ga | AB6: Gf | AC6: G+/- | AD6: Points | AE6: Criteria for rank | AG6: ='VM-tipset 2026 mall'!BP76 -> Mexiko
B7: ='VM-tipset 2026 mall'!B16 -> Mexiko | C7: ='VM-tipset 2026 mall'!C16 | D7: ='VM-tipset 2026 mall'!E16 | E7: ='VM-tipset 2026 mall'!F16 -> Sydkorea | G7: =IF(C7="","",IF(C7>D7,3,IF(C7=D7,1,0))) | H7: =IF(D7="","",IF(D7>C7,3,IF(D7=C7,1,0))) | K7: 1 | L7: =VLOOKUP($K7,$U$6:$AD$10,COLUMNS($L$7:L7)+1,FALSE) -> Mexiko | M7: =VLOOKUP($K7,$U$6:$AD$10,COLUMNS($L$7:M7)+1,FALSE) -> 0 | N7: =VLOOKUP($K7,$U$6:$AD$10,COLUMNS($L$7:N7)+1,FALSE) -> 0 | O7: =VLOOKUP($K7,$U$6:$AD$10,COLUMNS($L$7:O7)+1,FALSE) -> 0 | P7: =VLOOKUP($K7,$U$6:$AD$10,COLUMNS($L$7:P7)+1,FALSE) -> 0 | Q7: =VLOOKUP($K7,$U$6:$AD$10,COLUMNS($L$7:Q7)+1,FALSE) -> 0 | R7: =VLOOKUP($K7,$U$6:$AD$10,COLUMNS($L$7:R7)+1,FALSE) -> 0 | S7: =VLOOKUP($K7,$U$6:$AD$10,COLUMNS($L$7:S7)+1,FALSE) -> 0 | T7: =VLOOKUP($K7,$U$6:$AD$10,COLUMNS($L$7:T7)+1,FALSE) -> 0 | U7: =RANK(AE7,$AE$7:$AE$10,0)+COUNTIF($AE$6:AE6,AE7) -> 1 | V7: =+AG6 -> Mexiko | W7: =COUNTIFS($B$5:$B$10,V7,$C$5:$C$10,">=0")+COUNTIFS($E$5:$E$10,V7,$D$5:$D$10,">=0") -> 0 | X7: =COUNTIFS($B$5:$B$10,V7,$G$5:$G$10,3)+COUNTIFS($E$5:$E$10,V7,$H$5:$H$10,3) -> 0 | Y7: =COUNTIFS($B$5:$B$10,V7,$G$5:$G$10,1)+COUNTIFS($E$5:$E$10,V7,$H$5:$H$10,1) -> 0 | Z7: =COUNTIFS($B$5:$B$10,V7,$G$5:$G$10,0)+COUNTIFS($E$5:$E$10,V7,$H$5:$H$10,0) -> 0 | AA7: =SUMIF($B$5:$B$10,V7,$C$5:$C$10)+SUMIF($E$5:$E$10,V7,$D$5:$D$10) -> 0 | AB7: =SUMIF($B$5:$B$10,V7,$D$5:$D$10)+SUMIF($E$5:$E$10,V7,$C$5:$C$10) -> 0 | AC7: =+AA7-AB7 -> 0 | AD7: =SUMIF($B$5:$B$10,V7,$G$5:$G$10)+SUMIF($E$5:$E$10,V7,$H$5:$H$10) -> 0 | AE7: =SUM(AD7*1000000+AC7*10000+AA7*100+X7*10) -> 0 | AG7: ='VM-tipset 2026 mall'!BP77 -> Sydafrika
B8: ='VM-tipset 2026 mall'!B17 -> Sydafrika | C8: ='VM-tipset 2026 mall'!C17 | D8: ='VM-tipset 2026 mall'!E17 | E8: ='VM-tipset 2026 mall'!F17 -> Tjeckien | G8: =IF(C8="","",IF(C8>D8,3,IF(C8=D8,1,0))) | H8: =IF(D8="","",IF(D8>C8,3,IF(D8=C8,1,0))) | K8: 2 | L8: =VLOOKUP($K8,$U$6:$AD$10,COLUMNS($L$7:L8)+1,FALSE) -> Sydafrika | M8: =VLOOKUP($K8,$U$6:$AD$10,COLUMNS($L$7:M8)+1,FALSE) -> 0 | N8: =VLOOKUP($K8,$U$6:$AD$10,COLUMNS($L$7:N8)+1,FALSE) -> 0 | O8: =VLOOKUP($K8,$U$6:$AD$10,COLUMNS($L$7:O8)+1,FALSE) -> 0 | P8: =VLOOKUP($K8,$U$6:$AD$10,COLUMNS($L$7:P8)+1,FALSE) -> 0 | Q8: =VLOOKUP($K8,$U$6:$AD$10,COLUMNS($L$7:Q8)+1,FALSE) -> 0 | R8: =VLOOKUP($K8,$U$6:$AD$10,COLUMNS($L$7:R8)+1,FALSE) -> 0 | S8: =VLOOKUP($K8,$U$6:$AD$10,COLUMNS($L$7:S8)+1,FALSE) -> 0 | T8: =VLOOKUP($K8,$U$6:$AD$10,COLUMNS($L$7:T8)+1,FALSE) -> 0 | U8: =RANK(AE8,$AE$7:$AE$10,0)+COUNTIF($AE$6:AE7,AE8) -> 2 | V8: =+AG7 -> Sydafrika | W8: =COUNTIFS($B$5:$B$10,V8,$C$5:$C$10,">=0")+COUNTIFS($E$5:$E$10,V8,$D$5:$D$10,">=0") -> 0 | X8: =COUNTIFS($B$5:$B$10,V8,$G$5:$G$10,3)+COUNTIFS($E$5:$E$10,V8,$H$5:$H$10,3) -> 0 | Y8: =COUNTIFS($B$5:$B$10,V8,$G$5:$G$10,1)+COUNTIFS($E$5:$E$10,V8,$H$5:$H$10,1) -> 0 | Z8: =COUNTIFS($B$5:$B$10,V8,$G$5:$G$10,0)+COUNTIFS($E$5:$E$10,V8,$H$5:$H$10,0) -> 0 | AA8: =SUMIF($B$5:$B$10,V8,$C$5:$C$10)+SUMIF($E$5:$E$10,V8,$D$5:$D$10) -> 0 | AB8: =SUMIF($B$5:$B$10,V8,$D$5:$D$10)+SUMIF($E$5:$E$10,V8,$C$5:$C$10) -> 0 | AC8: =+AA8-AB8 -> 0 | AD8: =SUMIF($B$5:$B$10,V8,$G$5:$G$10)+SUMIF($E$5:$E$10,V8,$H$5:$H$10) -> 0 | AE8: =SUM(AD8*1000000+AC8*10000+AA8*100+X8*10) -> 0 | AG8: ='VM-tipset 2026 mall'!BP78 -> Sydkorea
B9: ='VM-tipset 2026 mall'!B18 -> Mexiko | C9: ='VM-tipset 2026 mall'!C18 | D9: ='VM-tipset 2026 mall'!E18 | E9: ='VM-tipset 2026 mall'!F18 -> Tjeckien | G9: =IF(C9="","",IF(C9>D9,3,IF(C9=D9,1,0))) | H9: =IF(D9="","",IF(D9>C9,3,IF(D9=C9,1,0))) | K9: 3 | L9: =VLOOKUP($K9,$U$6:$AD$10,COLUMNS($L$7:L9)+1,FALSE) -> Sydkorea | M9: =VLOOKUP($K9,$U$6:$AD$10,COLUMNS($L$7:M9)+1,FALSE) -> 0 | N9: =VLOOKUP($K9,$U$6:$AD$10,COLUMNS($L$7:N9)+1,FALSE) -> 0 | O9: =VLOOKUP($K9,$U$6:$AD$10,COLUMNS($L$7:O9)+1,FALSE) -> 0 | P9: =VLOOKUP($K9,$U$6:$AD$10,COLUMNS($L$7:P9)+1,FALSE) -> 0 | Q9: =VLOOKUP($K9,$U$6:$AD$10,COLUMNS($L$7:Q9)+1,FALSE) -> 0 | R9: =VLOOKUP($K9,$U$6:$AD$10,COLUMNS($L$7:R9)+1,FALSE) -> 0 | S9: =VLOOKUP($K9,$U$6:$AD$10,COLUMNS($L$7:S9)+1,FALSE) -> 0 | T9: =VLOOKUP($K9,$U$6:$AD$10,COLUMNS($L$7:T9)+1,FALSE) -> 0 | U9: =RANK(AE9,$AE$7:$AE$10,0)+COUNTIF($AE$6:AE8,AE9) -> 3 | V9: =+AG8 -> Sydkorea | W9: =COUNTIFS($B$5:$B$10,V9,$C$5:$C$10,">=0")+COUNTIFS($E$5:$E$10,V9,$D$5:$D$10,">=0") -> 0 | X9: =COUNTIFS($B$5:$B$10,V9,$G$5:$G$10,3)+COUNTIFS($E$5:$E$10,V9,$H$5:$H$10,3) -> 0 | Y9: =COUNTIFS($B$5:$B$10,V9,$G$5:$G$10,1)+COUNTIFS($E$5:$E$10,V9,$H$5:$H$10,1) -> 0 | Z9: =COUNTIFS($B$5:$B$10,V9,$G$5:$G$10,0)+COUNTIFS($E$5:$E$10,V9,$H$5:$H$10,0) -> 0 | AA9: =SUMIF($B$5:$B$10,V9,$C$5:$C$10)+SUMIF($E$5:$E$10,V9,$D$5:$D$10) -> 0 | AB9: =SUMIF($B$5:$B$10,V9,$D$5:$D$10)+SUMIF($E$5:$E$10,V9,$C$5:$C$10) -> 0 | AC9: =+AA9-AB9 -> 0 | AD9: =SUMIF($B$5:$B$10,V9,$G$5:$G$10)+SUMIF($E$5:$E$10,V9,$H$5:$H$10) -> 0 | AE9: =SUM(AD9*1000000+AC9*10000+AA9*100+X9*10) -> 0 | AG9: ='VM-tipset 2026 mall'!BP79 -> Tjeckien
B10: ='VM-tipset 2026 mall'!B19 -> Sydafrika | C10: ='VM-tipset 2026 mall'!C19 | D10: ='VM-tipset 2026 mall'!E19 | E10: ='VM-tipset 2026 mall'!F19 -> Sydkorea | G10: =IF(C10="","",IF(C10>D10,3,IF(C10=D10,1,0))) | H10: =IF(D10="","",IF(D10>C10,3,IF(D10=C10,1,0))) | K10: 4 | L10: =VLOOKUP($K10,$U$6:$AD$10,COLUMNS($L$7:L10)+1,FALSE) -> Tjeckien | M10: =VLOOKUP($K10,$U$6:$AD$10,COLUMNS($L$7:M10)+1,FALSE) -> 0 | N10: =VLOOKUP($K10,$U$6:$AD$10,COLUMNS($L$7:N10)+1,FALSE) -> 0 | O10: =VLOOKUP($K10,$U$6:$AD$10,COLUMNS($L$7:O10)+1,FALSE) -> 0 | P10: =VLOOKUP($K10,$U$6:$AD$10,COLUMNS($L$7:P10)+1,FALSE) -> 0 | Q10: =VLOOKUP($K10,$U$6:$AD$10,COLUMNS($L$7:Q10)+1,FALSE) -> 0 | R10: =VLOOKUP($K10,$U$6:$AD$10,COLUMNS($L$7:R10)+1,FALSE) -> 0 | S10: =VLOOKUP($K10,$U$6:$AD$10,COLUMNS($L$7:S10)+1,FALSE) -> 0 | T10: =VLOOKUP($K10,$U$6:$AD$10,COLUMNS($L$7:T10)+1,FALSE) -> 0 | U10: =RANK(AE10,$AE$7:$AE$10,0)+COUNTIF($AE$6:AE9,AE10) -> 4 | V10: =+AG9 -> Tjeckien | W10: =COUNTIFS($B$5:$B$10,V10,$C$5:$C$10,">=0")+COUNTIFS($E$5:$E$10,V10,$D$5:$D$10,">=0") -> 0 | X10: =COUNTIFS($B$5:$B$10,V10,$G$5:$G$10,3)+COUNTIFS($E$5:$E$10,V10,$H$5:$H$10,3) -> 0 | Y10: =COUNTIFS($B$5:$B$10,V10,$G$5:$G$10,1)+COUNTIFS($E$5:$E$10,V10,$H$5:$H$10,1) -> 0 | Z10: =COUNTIFS($B$5:$B$10,V10,$G$5:$G$10,0)+COUNTIFS($E$5:$E$10,V10,$H$5:$H$10,0) -> 0 | AA10: =SUMIF($B$5:$B$10,V10,$C$5:$C$10)+SUMIF($E$5:$E$10,V10,$D$5:$D$10) -> 0 | AB10: =SUMIF($B$5:$B$10,V10,$D$5:$D$10)+SUMIF($E$5:$E$10,V10,$C$5:$C$10) -> 0 | AC10: =+AA10-AB10 -> 0 | AD10: =SUMIF($B$5:$B$10,V10,$G$5:$G$10)+SUMIF($E$5:$E$10,V10,$H$5:$H$10) -> 0 | AE10: =SUM(AD10*1000000+AC10*10000+AA10*100+X10*10) -> 0

Sheet Grupp B
B2: Grupp B
B4: Lag | G4: Poäng
B5: ='VM-tipset 2026 mall'!B22 -> Kanada | C5: ='VM-tipset 2026 mall'!C22 | D5: ='VM-tipset 2026 mall'!E22 | E5: ='VM-tipset 2026 mall'!F22 -> Bosnien | G5: =IF(C5="","",IF(C5>D5,3,IF(C5=D5,1,0))) | H5: =IF(D5="","",IF(D5>C5,3,IF(D5=C5,1,0))) | AG5: Grupp B
B6: ='VM-tipset 2026 mall'!B23 -> Qatar | C6: ='VM-tipset 2026 mall'!C23 | D6: ='VM-tipset 2026 mall'!E23 | E6: ='VM-tipset 2026 mall'!F23 -> Schweiz | G6: =IF(C6="","",IF(C6>D6,3,IF(C6=D6,1,0))) | H6: =IF(D6="","",IF(D6>C6,3,IF(D6=C6,1,0))) | K6: Nn | L6: Teams | M6: P | N6: W | O6: D | P6: L | Q6: Ga | R6: Gf | S6: G+/- | T6: Points | U6: rank | V6: Teams | W6: P | X6: W | Y6: D | Z6: L | AA6: Ga | AB6: Gf | AC6: G+/- | AD6: Points | AE6: Criteria for rank | AG6: ='VM-tipset 2026 mall'!BP81 -> Kanada
B7: ='VM-tipset 2026 mall'!B24 -> Kanada | C7: ='VM-tipset 2026 mall'!C24 | D7: ='VM-tipset 2026 mall'!E24 | E7: ='VM-tipset 2026 mall'!F24 -> Qatar | G7: =IF(C7="","",IF(C7>D7,3,IF(C7=D7,1,0))) | H7: =IF(D7="","",IF(D7>C7,3,IF(D7=C7,1,0))) | K7: 1 | L7: =VLOOKUP($K7,$U$6:$AD$10,COLUMNS($L$7:L7)+1,FALSE) -> Kanada | M7: =VLOOKUP($K7,$U$6:$AD$10,COLUMNS($L$7:M7)+1,FALSE) -> 0 | N7: =VLOOKUP($K7,$U$6:$AD$10,COLUMNS($L$7:N7)+1,FALSE) -> 0 | O7: =VLOOKUP($K7,$U$6:$AD$10,COLUMNS($L$7:O7)+1,FALSE) -> 0 | P7: =VLOOKUP($K7,$U$6:$AD$10,COLUMNS($L$7:P7)+1,FALSE) -> 0 | Q7: =VLOOKUP($K7,$U$6:$AD$10,COLUMNS($L$7:Q7)+1,FALSE) -> 0 | R7: =VLOOKUP($K7,$U$6:$AD$10,COLUMNS($L$7:R7)+1,FALSE) -> 0 | S7: =VLOOKUP($K7,$U$6:$AD$10,COLUMNS($L$7:S7)+1,FALSE) -> 0 | T7: =VLOOKUP($K7,$U$6:$AD$10,COLUMNS($L$7:T7)+1,FALSE) -> 0 | U7: =RANK(AE7,$AE$7:$AE$10,0)+COUNTIF($AE$6:AE6,AE7) -> 1 | V7: =+AG6 -> Kanada | W7: =COUNTIFS($B$5:$B$10,V7,$C$5:$C$10,">=0")+COUNTIFS($E$5:$E$10,V7,$D$5:$D$10,">=0") -> 0 | X7: =COUNTIFS($B$5:$B$10,V7,$G$5:$G$10,3)+COUNTIFS($E$5:$E$10,V7,$H$5:$H$10,3) -> 0 | Y7: =COUNTIFS($B$5:$B$10,V7,$G$5:$G$10,1)+COUNTIFS($E$5:$E$10,V7,$H$5:$H$10,1) -> 0 | Z7: =COUNTIFS($B$5:$B$10,V7,$G$5:$G$10,0)+COUNTIFS($E$5:$E$10,V7,$H$5:$H$10,0) -> 0 | AA7: =SUMIF($B$5:$B$10,V7,$C$5:$C$10)+SUMIF($E$5:$E$10,V7,$D$5:$D$10) -> 0 | AB7: =SUMIF($B$5:$B$10,V7,$D$5:$D$10)+SUMIF($E$5:$E$10,V7,$C$5:$C$10) -> 0 | AC7: =+AA7-AB7 -> 0 | AD7: =SUMIF($B$5:$B$10,V7,$G$5:$G$10)+SUMIF($E$5:$E$10,V7,$H$5:$H$10) -> 0 | AE7: =SUM(AD7*1000000+AC7*10000+AA7*100+X7*10) -> 0 | AG7: ='VM-tipset 2026 mall'!BP82 -> Bosnien
B8: ='VM-tipset 2026 mall'!B25 -> Bosnien | C8: ='VM-tipset 2026 mall'!C25 | D8: ='VM-tipset 2026 mall'!E25 | E8: ='VM-tipset 2026 mall'!F25 -> Schweiz | G8: =IF(C8="","",IF(C8>D8,3,IF(C8=D8,1,0))) | H8: =IF(D8="","",IF(D8>C8,3,IF(D8=C8,1,0))) | K8: 2 | L8: =VLOOKUP($K8,$U$6:$AD$10,COLUMNS($L$7:L8)+1,FALSE) -> Bosnien | M8: =VLOOKUP($K8,$U$6:$AD$10,COLUMNS($L$7:M8)+1,FALSE) -> 0 | N8: =VLOOKUP($K8,$U$6:$AD$10,COLUMNS($L$7:N8)+1,FALSE) -> 0 | O8: =VLOOKUP($K8,$U$6:$AD$10,COLUMNS($L$7:O8)+1,FALSE) -> 0 | P8: =VLOOKUP($K8,$U$6:$AD$10,COLUMNS($L$7:P8)+1,FALSE) -> 0 | Q8: =VLOOKUP($K8,$U$6:$AD$10,COLUMNS($L$7:Q8)+1,FALSE) -> 0 | R8: =VLOOKUP($K8,$U$6:$AD$10,COLUMNS($L$7:R8)+1,FALSE) -> 0 | S8: =VLOOKUP($K8,$U$6:$AD$10,COLUMNS($L$7:S8)+1,FALSE) -> 0 | T8: =VLOOKUP($K8,$U$6:$AD$10,COLUMNS($L$7:T8)+1,FALSE) -> 0 | U8: =RANK(AE8,$AE$7:$AE$10,0)+COUNTIF($AE$6:AE7,AE8) -> 2 | V8: =+AG7 -> Bosnien | W8: =COUNTIFS($B$5:$B$10,V8,$C$5:$C$10,">=0")+COUNTIFS($E$5:$E$10,V8,$D$5:$D$10,">=0") -> 0 | X8: =COUNTIFS($B$5:$B$10,V8,$G$5:$G$10,3)+COUNTIFS($E$5:$E$10,V8,$H$5:$H$10,3) -> 0 | Y8: =COUNTIFS($B$5:$B$10,V8,$G$5:$G$10,1)+COUNTIFS($E$5:$E$10,V8,$H$5:$H$10,1) -> 0 | Z8: =COUNTIFS($B$5:$B$10,V8,$G$5:$G$10,0)+COUNTIFS($E$5:$E$10,V8,$H$5:$H$10,0) -> 0 | AA8: =SUMIF($B$5:$B$10,V8,$C$5:$C$10)+SUMIF($E$5:$E$10,V8,$D$5:$D$10) -> 0 | AB8: =SUMIF($B$5:$B$10,V8,$D$5:$D$10)+SUMIF($E$5:$E$10,V8,$C$5:$C$10) -> 0 | AC8: =+AA8-AB8 -> 0 | AD8: =SUMIF($B$5:$B$10,V8,$G$5:$G$10)+SUMIF($E$5:$E$10,V8,$H$5:$H$10) -> 0 | AE8: =SUM(AD8*1000000+AC8*10000+AA8*100+X8*10) -> 0 | AG8: ='VM-tipset 2026 mall'!BP83 -> Qatar
B9: ='VM-tipset 2026 mall'!B26 -> Kanada | C9: ='VM-tipset 2026 mall'!C26 | D9: ='VM-tipset 2026 mall'!E26 | E9: ='VM-tipset 2026 mall'!F26 -> Schweiz | G9: =IF(C9="","",IF(C9>D9,3,IF(C9=D9,1,0))) | H9: =IF(D9="","",IF(D9>C9,3,IF(D9=C9,1,0))) | K9: 3 | L9: =VLOOKUP($K9,$U$6:$AD$10,COLUMNS($L$7:L9)+1,FALSE) -> Qatar | M9: =VLOOKUP($K9,$U$6:$AD$10,COLUMNS($L$7:M9)+1,FALSE) -> 0 | N9: =VLOOKUP($K9,$U$6:$AD$10,COLUMNS($L$7:N9)+1,FALSE) -> 0 | O9: =VLOOKUP($K9,$U$6:$AD$10,COLUMNS($L$7:O9)+1,FALSE) -> 0 | P9: =VLOOKUP($K9,$U$6:$AD$10,COLUMNS($L$7:P9)+1,FALSE) -> 0 | Q9: =VLOOKUP($K9,$U$6:$AD$10,COLUMNS($L$7:Q9)+1,FALSE) -> 0 | R9: =VLOOKUP($K9,$U$6:$AD$10,COLUMNS($L$7:R9)+1,FALSE) -> 0 | S9: =VLOOKUP($K9,$U$6:$AD$10,COLUMNS($L$7:S9)+1,FALSE) -> 0 | T9: =VLOOKUP($K9,$U$6:$AD$10,COLUMNS($L$7:T9)+1,FALSE) -> 0 | U9: =RANK(AE9,$AE$7:$AE$10,0)+COUNTIF($AE$6:AE8,AE9) -> 3 | V9: =+AG8 -> Qatar | W9: =COUNTIFS($B$5:$B$10,V9,$C$5:$C$10,">=0")+COUNTIFS($E$5:$E$10,V9,$D$5:$D$10,">=0") -> 0 | X9: =COUNTIFS($B$5:$B$10,V9,$G$5:$G$10,3)+COUNTIFS($E$5:$E$10,V9,$H$5:$H$10,3) -> 0 | Y9: =COUNTIFS($B$5:$B$10,V9,$G$5:$G$10,1)+COUNTIFS($E$5:$E$10,V9,$H$5:$H$10,1) -> 0 | Z9: =COUNTIFS($B$5:$B$10,V9,$G$5:$G$10,0)+COUNTIFS($E$5:$E$10,V9,$H$5:$H$10,0) -> 0 | AA9: =SUMIF($B$5:$B$10,V9,$C$5:$C$10)+SUMIF($E$5:$E$10,V9,$D$5:$D$10) -> 0 | AB9: =SUMIF($B$5:$B$10,V9,$D$5:$D$10)+SUMIF($E$5:$E$10,V9,$C$5:$C$10) -> 0 | AC9: =+AA9-AB9 -> 0 | AD9: =SUMIF($B$5:$B$10,V9,$G$5:$G$10)+SUMIF($E$5:$E$10,V9,$H$5:$H$10) -> 0 | AE9: =SUM(AD9*1000000+AC9*10000+AA9*100+X9*10) -> 0 | AG9: ='VM-tipset 2026 mall'!BP84 -> Schweiz
B10: ='VM-tipset 2026 mall'!B27 -> Bosnien | C10: ='VM-tipset 2026 mall'!C27 | D10: ='VM-tipset 2026 mall'!E27 | E10: ='VM-tipset 2026 mall'!F27 -> Qatar | G10: =IF(C10="","",IF(C10>D10,3,IF(C10=D10,1,0))) | H10: =IF(D10="","",IF(D10>C10,3,IF(D10=C10,1,0))) | K10: 4 | L10: =VLOOKUP($K10,$U$6:$AD$10,COLUMNS($L$7:L10)+1,FALSE) -> Schweiz | M10: =VLOOKUP($K10,$U$6:$AD$10,COLUMNS($L$7:M10)+1,FALSE) -> 0 | N10: =VLOOKUP($K10,$U$6:$AD$10,COLUMNS($L$7:N10)+1,FALSE) -> 0 | O10: =VLOOKUP($K10,$U$6:$AD$10,COLUMNS($L$7:O10)+1,FALSE) -> 0 | P10: =VLOOKUP($K10,$U$6:$AD$10,COLUMNS($L$7:P10)+1,FALSE) -> 0 | Q10: =VLOOKUP($K10,$U$6:$AD$10,COLUMNS($L$7:Q10)+1,FALSE) -> 0 | R10: =VLOOKUP($K10,$U$6:$AD$10,COLUMNS($L$7:R10)+1,FALSE) -> 0 | S10: =VLOOKUP($K10,$U$6:$AD$10,COLUMNS($L$7:S10)+1,FALSE) -> 0 | T10: =VLOOKUP($K10,$U$6:$AD$10,COLUMNS($L$7:T10)+1,FALSE) -> 0 | U10: =RANK(AE10,$AE$7:$AE$10,0)+COUNTIF($AE$6:AE9,AE10) -> 4 | V10: =+AG9 -> Schweiz | W10: =COUNTIFS($B$5:$B$10,V10,$C$5:$C$10,">=0")+COUNTIFS($E$5:$E$10,V10,$D$5:$D$10,">=0") -> 0 | X10: =COUNTIFS($B$5:$B$10,V10,$G$5:$G$10,3)+COUNTIFS($E$5:$E$10,V10,$H$5:$H$10,3) -> 0 | Y10: =COUNTIFS($B$5:$B$10,V10,$G$5:$G$10,1)+COUNTIFS($E$5:$E$10,V10,$H$5:$H$10,1) -> 0 | Z10: =COUNTIFS($B$5:$B$10,V10,$G$5:$G$10,0)+COUNTIFS($E$5:$E$10,V10,$H$5:$H$10,0) -> 0 | AA10: =SUMIF($B$5:$B$10,V10,$C$5:$C$10)+SUMIF($E$5:$E$10,V10,$D$5:$D$10) -> 0 | AB10: =SUMIF($B$5:$B$10,V10,$D$5:$D$10)+SUMIF($E$5:$E$10,V10,$C$5:$C$10) -> 0 | AC10: =+AA10-AB10 -> 0 | AD10: =SUMIF($B$5:$B$10,V10,$G$5:$G$10)+SUMIF($E$5:$E$10,V10,$H$5:$H$10) -> 0 | AE10: =SUM(AD10*1000000+AC10*10000+AA10*100+X10*10) -> 0

Sheet Grupp C
B2: Grupp C
B4: Lag | G4: Poäng
B5: ='VM-tipset 2026 mall'!B30 -> Brasilien | C5: ='VM-tipset 2026 mall'!C30 | D5: ='VM-tipset 2026 mall'!E30 | E5: ='VM-tipset 2026 mall'!F30 -> Marocko | G5: =IF(C5="","",IF(C5>D5,3,IF(C5=D5,1,0))) | H5: =IF(D5="","",IF(D5>C5,3,IF(D5=C5,1,0))) | AG5: Grupp C
B6: ='VM-tipset 2026 mall'!B31 -> Haiti | C6: ='VM-tipset 2026 mall'!C31 | D6: ='VM-tipset 2026 mall'!E31 | E6: ='VM-tipset 2026 mall'!F31 -> Skottland | G6: =IF(C6="","",IF(C6>D6,3,IF(C6=D6,1,0))) | H6: =IF(D6="","",IF(D6>C6,3,IF(D6=C6,1,0))) | K6: Nn | L6: Teams | M6: P | N6: W | O6: D | P6: L | Q6: Ga | R6: Gf | S6: G+/- | T6: Points | U6: rank | V6: Teams | W6: P | X6: W | Y6: D | Z6: L | AA6: Ga | AB6: Gf | AC6: G+/- | AD6: Points | AE6: Criteria for rank | AG6: ='VM-tipset 2026 mall'!BP86 -> Brasilien
B7: ='VM-tipset 2026 mall'!B32 -> Brasilien | C7: ='VM-tipset 2026 mall'!C32 | D7: ='VM-tipset 2026 mall'!E32 | E7: ='VM-tipset 2026 mall'!F32 -> Haiti | G7: =IF(C7="","",IF(C7>D7,3,IF(C7=D7,1,0))) | H7: =IF(D7="","",IF(D7>C7,3,IF(D7=C7,1,0))) | K7: 1 | L7: =VLOOKUP($K7,$U$6:$AD$10,COLUMNS($L$7:L7)+1,FALSE) -> Brasilien | M7: =VLOOKUP($K7,$U$6:$AD$10,COLUMNS($L$7:M7)+1,FALSE) -> 0 | N7: =VLOOKUP($K7,$U$6:$AD$10,COLUMNS($L$7:N7)+1,FALSE) -> 0 | O7: =VLOOKUP($K7,$U$6:$AD$10,COLUMNS($L$7:O7)+1,FALSE) -> 0 | P7: =VLOOKUP($K7,$U$6:$AD$10,COLUMNS($L$7:P7)+1,FALSE) -> 0 | Q7: =VLOOKUP($K7,$U$6:$AD$10,COLUMNS($L$7:Q7)+1,FALSE) -> 0 | R7: =VLOOKUP($K7,$U$6:$AD$10,COLUMNS($L$7:R7)+1,FALSE) -> 0 | S7: =VLOOKUP($K7,$U$6:$AD$10,COLUMNS($L$7:S7)+1,FALSE) -> 0 | T7: =VLOOKUP($K7,$U$6:$AD$10,COLUMNS($L$7:T7)+1,FALSE) -> 0 | U7: =RANK(AE7,$AE$7:$AE$10,0)+COUNTIF($AE$6:AE6,AE7) -> 1 | V7: =+AG6 -> Brasilien | W7: =COUNTIFS($B$5:$B$10,V7,$C$5:$C$10,">=0")+COUNTIFS($E$5:$E$10,V7,$D$5:$D$10,">=0") -> 0 | X7: =COUNTIFS($B$5:$B$10,V7,$G$5:$G$10,3)+COUNTIFS($E$5:$E$10,V7,$H$5:$H$10,3) -> 0 | Y7: =COUNTIFS($B$5:$B$10,V7,$G$5:$G$10,1)+COUNTIFS($E$5:$E$10,V7,$H$5:$H$10,1) -> 0 | Z7: =COUNTIFS($B$5:$B$10,V7,$G$5:$G$10,0)+COUNTIFS($E$5:$E$10,V7,$H$5:$H$10,0) -> 0 | AA7: =SUMIF($B$5:$B$10,V7,$C$5:$C$10)+SUMIF($E$5:$E$10,V7,$D$5:$D$10) -> 0 | AB7: =SUMIF($B$5:$B$10,V7,$D$5:$D$10)+SUMIF($E$5:$E$10,V7,$C$5:$C$10) -> 0 | AC7: =+AA7-AB7 -> 0 | AD7: =SUMIF($B$5:$B$10,V7,$G$5:$G$10)+SUMIF($E$5:$E$10,V7,$H$5:$H$10) -> 0 | AE7: =SUM(AD7*1000000+AC7*10000+AA7*100+X7*10) -> 0 | AG7: ='VM-tipset 2026 mall'!BP87 -> Marocko
B8: ='VM-tipset 2026 mall'!B33 -> Marocko | C8: ='VM-tipset 2026 mall'!C33 | D8: ='VM-tipset 2026 mall'!E33 | E8: ='VM-tipset 2026 mall'!F33 -> Skottland | G8: =IF(C8="","",IF(C8>D8,3,IF(C8=D8,1,0))) | H8: =IF(D8="","",IF(D8>C8,3,IF(D8=C8,1,0))) | K8: 2 | L8: =VLOOKUP($K8,$U$6:$AD$10,COLUMNS($L$7:L8)+1,FALSE) -> Marocko | M8: =VLOOKUP($K8,$U$6:$AD$10,COLUMNS($L$7:M8)+1,FALSE) -> 0 | N8: =VLOOKUP($K8,$U$6:$AD$10,COLUMNS($L$7:N8)+1,FALSE) -> 0 | O8: =VLOOKUP($K8,$U$6:$AD$10,COLUMNS($L$7:O8)+1,FALSE) -> 0 | P8: =VLOOKUP($K8,$U$6:$AD$10,COLUMNS($L$7:P8)+1,FALSE) -> 0 | Q8: =VLOOKUP($K8,$U$6:$AD$10,COLUMNS($L$7:Q8)+1,FALSE) -> 0 | R8: =VLOOKUP($K8,$U$6:$AD$10,COLUMNS($L$7:R8)+1,FALSE) -> 0 | S8: =VLOOKUP($K8,$U$6:$AD$10,COLUMNS($L$7:S8)+1,FALSE) -> 0 | T8: =VLOOKUP($K8,$U$6:$AD$10,COLUMNS($L$7:T8)+1,FALSE) -> 0 | U8: =RANK(AE8,$AE$7:$AE$10,0)+COUNTIF($AE$6:AE7,AE8) -> 2 | V8: =+AG7 -> Marocko | W8: =COUNTIFS($B$5:$B$10,V8,$C$5:$C$10,">=0")+COUNTIFS($E$5:$E$10,V8,$D$5:$D$10,">=0") -> 0 | X8: =COUNTIFS($B$5:$B$10,V8,$G$5:$G$10,3)+COUNTIFS($E$5:$E$10,V8,$H$5:$H$10,3) -> 0 | Y8: =COUNTIFS($B$5:$B$10,V8,$G$5:$G$10,1)+COUNTIFS($E$5:$E$10,V8,$H$5:$H$10,1) -> 0 | Z8: =COUNTIFS($B$5:$B$10,V8,$G$5:$G$10,0)+COUNTIFS($E$5:$E$10,V8,$H$5:$H$10,0) -> 0 | AA8: =SUMIF($B$5:$B$10,V8,$C$5:$C$10)+SUMIF($E$5:$E$10,V8,$D$5:$D$10) -> 0 | AB8: =SUMIF($B$5:$B$10,V8,$D$5:$D$10)+SUMIF($E$5:$E$10,V8,$C$5:$C$10) -> 0 | AC8: =+AA8-AB8 -> 0 | AD8: =SUMIF($B$5:$B$10,V8,$G$5:$G$10)+SUMIF($E$5:$E$10,V8,$H$5:$H$10) -> 0 | AE8: =SUM(AD8*1000000+AC8*10000+AA8*100+X8*10) -> 0 | AG8: ='VM-tipset 2026 mall'!BP88 -> Haiti
B9: ='VM-tipset 2026 mall'!B34 -> Brasilien | C9: ='VM-tipset 2026 mall'!C34 | D9: ='VM-tipset 2026 mall'!E34 | E9: ='VM-tipset 2026 mall'!F34 -> Skottland | G9: =IF(C9="","",IF(C9>D9,3,IF(C9=D9,1,0))) | H9: =IF(D9="","",IF(D9>C9,3,IF(D9=C9,1,0))) | K9: 3 | L9: =VLOOKUP($K9,$U$6:$AD$10,COLUMNS($L$7:L9)+1,FALSE) -> Haiti | M9: =VLOOKUP($K9,$U$6:$AD$10,COLUMNS($L$7:M9)+1,FALSE) -> 0 | N9: =VLOOKUP($K9,$U$6:$AD$10,COLUMNS($L$7:N9)+1,FALSE) -> 0 | O9: =VLOOKUP($K9,$U$6:$AD$10,COLUMNS($L$7:O9)+1,FALSE) -> 0 | P9: =VLOOKUP($K9,$U$6:$AD$10,COLUMNS($L$7:P9)+1,FALSE) -> 0 | Q9: =VLOOKUP($K9,$U$6:$AD$10,COLUMNS($L$7:Q9)+1,FALSE) -> 0 | R9: =VLOOKUP($K9,$U$6:$AD$10,COLUMNS($L$7:R9)+1,FALSE) -> 0 | S9: =VLOOKUP($K9,$U$6:$AD$10,COLUMNS($L$7:S9)+1,FALSE) -> 0 | T9: =VLOOKUP($K9,$U$6:$AD$10,COLUMNS($L$7:T9)+1,FALSE) -> 0 | U9: =RANK(AE9,$AE$7:$AE$10,0)+COUNTIF($AE$6:AE8,AE9) -> 3 | V9: =+AG8 -> Haiti | W9: =COUNTIFS($B$5:$B$10,V9,$C$5:$C$10,">=0")+COUNTIFS($E$5:$E$10,V9,$D$5:$D$10,">=0") -> 0 | X9: =COUNTIFS($B$5:$B$10,V9,$G$5:$G$10,3)+COUNTIFS($E$5:$E$10,V9,$H$5:$H$10,3) -> 0 | Y9: =COUNTIFS($B$5:$B$10,V9,$G$5:$G$10,1)+COUNTIFS($E$5:$E$10,V9,$H$5:$H$10,1) -> 0 | Z9: =COUNTIFS($B$5:$B$10,V9,$G$5:$G$10,0)+COUNTIFS($E$5:$E$10,V9,$H$5:$H$10,0) -> 0 | AA9: =SUMIF($B$5:$B$10,V9,$C$5:$C$10)+SUMIF($E$5:$E$10,V9,$D$5:$D$10) -> 0 | AB9: =SUMIF($B$5:$B$10,V9,$D$5:$D$10)+SUMIF($E$5:$E$10,V9,$C$5:$C$10) -> 0 | AC9: =+AA9-AB9 -> 0 | AD9: =SUMIF($B$5:$B$10,V9,$G$5:$G$10)+SUMIF($E$5:$E$10,V9,$H$5:$H$10) -> 0 | AE9: =SUM(AD9*1000000+AC9*10000+AA9*100+X9*10) -> 0 | AG9: ='VM-tipset 2026 mall'!BP89 -> Skottland
B10: ='VM-tipset 2026 mall'!B35 -> Marocko | C10: ='VM-tipset 2026 mall'!C35 | D10: ='VM-tipset 2026 mall'!E35 | E10: ='VM-tipset 2026 mall'!F35 -> Haiti | G10: =IF(C10="","",IF(C10>D10,3,IF(C10=D10,1,0))) | H10: =IF(D10="","",IF(D10>C10,3,IF(D10=C10,1,0))) | K10: 4 | L10: =VLOOKUP($K10,$U$6:$AD$10,COLUMNS($L$7:L10)+1,FALSE) -> Skottland | M10: =VLOOKUP($K10,$U$6:$AD$10,COLUMNS($L$7:M10)+1,FALSE) -> 0 | N10: =VLOOKUP($K10,$U$6:$AD$10,COLUMNS($L$7:N10)+1,FALSE) -> 0 | O10: =VLOOKUP($K10,$U$6:$AD$10,COLUMNS($L$7:O10)+1,FALSE) -> 0 | P10: =VLOOKUP($K10,$U$6:$AD$10,COLUMNS($L$7:P10)+1,FALSE) -> 0 | Q10: =VLOOKUP($K10,$U$6:$AD$10,COLUMNS($L$7:Q10)+1,FALSE) -> 0 | R10: =VLOOKUP($K10,$U$6:$AD$10,COLUMNS($L$7:R10)+1,FALSE) -> 0 | S10: =VLOOKUP($K10,$U$6:$AD$10,COLUMNS($L$7:S10)+1,FALSE) -> 0 | T10: =VLOOKUP($K10,$U$6:$AD$10,COLUMNS($L$7:T10)+1,FALSE) -> 0 | U10: =RANK(AE10,$AE$7:$AE$10,0)+COUNTIF($AE$6:AE9,AE10) -> 4 | V10: =+AG9 -> Skottland | W10: =COUNTIFS($B$5:$B$10,V10,$C$5:$C$10,">=0")+COUNTIFS($E$5:$E$10,V10,$D$5:$D$10,">=0") -> 0 | X10: =COUNTIFS($B$5:$B$10,V10,$G$5:$G$10,3)+COUNTIFS($E$5:$E$10,V10,$H$5:$H$10,3) -> 0 | Y10: =COUNTIFS($B$5:$B$10,V10,$G$5:$G$10,1)+COUNTIFS($E$5:$E$10,V10,$H$5:$H$10,1) -> 0 | Z10: =COUNTIFS($B$5:$B$10,V10,$G$5:$G$10,0)+COUNTIFS($E$5:$E$10,V10,$H$5:$H$10,0) -> 0 | AA10: =SUMIF($B$5:$B$10,V10,$C$5:$C$10)+SUMIF($E$5:$E$10,V10,$D$5:$D$10) -> 0 | AB10: =SUMIF($B$5:$B$10,V10,$D$5:$D$10)+SUMIF($E$5:$E$10,V10,$C$5:$C$10) -> 0 | AC10: =+AA10-AB10 -> 0 | AD10: =SUMIF($B$5:$B$10,V10,$G$5:$G$10)+SUMIF($E$5:$E$10,V10,$H$5:$H$10) -> 0 | AE10: =SUM(AD10*1000000+AC10*10000+AA10*100+X10*10) -> 0

Sheet Grupp D
B2: Grupp D
B4: Lag | G4: Poäng
B5: ='VM-tipset 2026 mall'!B38 -> USA | C5: ='VM-tipset 2026 mall'!C38 | D5: ='VM-tipset 2026 mall'!E38 | E5: ='VM-tipset 2026 mall'!F38 -> Paraguay | G5: =IF(C5="","",IF(C5>D5,3,IF(C5=D5,1,0))) | H5: =IF(D5="","",IF(D5>C5,3,IF(D5=C5,1,0))) | AG5: Grupp D
B6: ='VM-tipset 2026 mall'!B39 -> Australien | C6: ='VM-tipset 2026 mall'!C39 | D6: ='VM-tipset 2026 mall'!E39 | E6: ='VM-tipset 2026 mall'!F39 -> Turkiet | G6: =IF(C6="","",IF(C6>D6,3,IF(C6=D6,1,0))) | H6: =IF(D6="","",IF(D6>C6,3,IF(D6=C6,1,0))) | K6: Nn | L6: Teams | M6: P | N6: W | O6: D | P6: L | Q6: Ga | R6: Gf | S6: G+/- | T6: Points | U6: rank | V6: Teams | W6: P | X6: W | Y6: D | Z6: L | AA6: Ga | AB6: Gf | AC6: G+/- | AD6: Points | AE6: Criteria for rank | AG6: ='VM-tipset 2026 mall'!BP91 -> USA
B7: ='VM-tipset 2026 mall'!B40 -> USA | C7: ='VM-tipset 2026 mall'!C40 | D7: ='VM-tipset 2026 mall'!E40 | E7: ='VM-tipset 2026 mall'!F40 -> Australien | G7: =IF(C7="","",IF(C7>D7,3,IF(C7=D7,1,0))) | H7: =IF(D7="","",IF(D7>C7,3,IF(D7=C7,1,0))) | K7: 1 | L7: =VLOOKUP($K7,$U$6:$AD$10,COLUMNS($L$7:L7)+1,FALSE) -> USA | M7: =VLOOKUP($K7,$U$6:$AD$10,COLUMNS($L$7:M7)+1,FALSE) -> 0 | N7: =VLOOKUP($K7,$U$6:$AD$10,COLUMNS($L$7:N7)+1,FALSE) -> 0 | O7: =VLOOKUP($K7,$U$6:$AD$10,COLUMNS($L$7:O7)+1,FALSE) -> 0 | P7: =VLOOKUP($K7,$U$6:$AD$10,COLUMNS($L$7:P7)+1,FALSE) -> 0 | Q7: =VLOOKUP($K7,$U$6:$AD$10,COLUMNS($L$7:Q7)+1,FALSE) -> 0 | R7: =VLOOKUP($K7,$U$6:$AD$10,COLUMNS($L$7:R7)+1,FALSE) -> 0 | S7: =VLOOKUP($K7,$U$6:$AD$10,COLUMNS($L$7:S7)+1,FALSE) -> 0 | T7: =VLOOKUP($K7,$U$6:$AD$10,COLUMNS($L$7:T7)+1,FALSE) -> 0 | U7: =RANK(AE7,$AE$7:$AE$10,0)+COUNTIF($AE$6:AE6,AE7) -> 1 | V7: =+AG6 -> USA | W7: =COUNTIFS($B$5:$B$10,V7,$C$5:$C$10,">=0")+COUNTIFS($E$5:$E$10,V7,$D$5:$D$10,">=0") -> 0 | X7: =COUNTIFS($B$5:$B$10,V7,$G$5:$G$10,3)+COUNTIFS($E$5:$E$10,V7,$H$5:$H$10,3) -> 0 | Y7: =COUNTIFS($B$5:$B$10,V7,$G$5:$G$10,1)+COUNTIFS($E$5:$E$10,V7,$H$5:$H$10,1) -> 0 | Z7: =COUNTIFS($B$5:$B$10,V7,$G$5:$G$10,0)+COUNTIFS($E$5:$E$10,V7,$H$5:$H$10,0) -> 0 | AA7: =SUMIF($B$5:$B$10,V7,$C$5:$C$10)+SUMIF($E$5:$E$10,V7,$D$5:$D$10) -> 0 | AB7: =SUMIF($B$5:$B$10,V7,$D$5:$D$10)+SUMIF($E$5:$E$10,V7,$C$5:$C$10) -> 0 | AC7: =+AA7-AB7 -> 0 | AD7: =SUMIF($B$5:$B$10,V7,$G$5:$G$10)+SUMIF($E$5:$E$10,V7,$H$5:$H$10) -> 0 | AE7: =SUM(AD7*1000000+AC7*10000+AA7*100+X7*10) -> 0 | AG7: ='VM-tipset 2026 mall'!BP92 -> Paraguay
B8: ='VM-tipset 2026 mall'!B41 -> Paraguay | C8: ='VM-tipset 2026 mall'!C41 | D8: ='VM-tipset 2026 mall'!E41 | E8: ='VM-tipset 2026 mall'!F41 -> Turkiet | G8: =IF(C8="","",IF(C8>D8,3,IF(C8=D8,1,0))) | H8: =IF(D8="","",IF(D8>C8,3,IF(D8=C8,1,0))) | K8: 2 | L8: =VLOOKUP($K8,$U$6:$AD$10,COLUMNS($L$7:L8)+1,FALSE) -> Paraguay | M8: =VLOOKUP($K8,$U$6:$AD$10,COLUMNS($L$7:M8)+1,FALSE) -> 0 | N8: =VLOOKUP($K8,$U$6:$AD$10,COLUMNS($L$7:N8)+1,FALSE) -> 0 | O8: =VLOOKUP($K8,$U$6:$AD$10,COLUMNS($L$7:O8)+1,FALSE) -> 0 | P8: =VLOOKUP($K8,$U$6:$AD$10,COLUMNS($L$7:P8)+1,FALSE) -> 0 | Q8: =VLOOKUP($K8,$U$6:$AD$10,COLUMNS($L$7:Q8)+1,FALSE) -> 0 | R8: =VLOOKUP($K8,$U$6:$AD$10,COLUMNS($L$7:R8)+1,FALSE) -> 0 | S8: =VLOOKUP($K8,$U$6:$AD$10,COLUMNS($L$7:S8)+1,FALSE) -> 0 | T8: =VLOOKUP($K8,$U$6:$AD$10,COLUMNS($L$7:T8)+1,FALSE) -> 0 | U8: =RANK(AE8,$AE$7:$AE$10,0)+COUNTIF($AE$6:AE7,AE8) -> 2 | V8: =+AG7 -> Paraguay | W8: =COUNTIFS($B$5:$B$10,V8,$C$5:$C$10,">=0")+COUNTIFS($E$5:$E$10,V8,$D$5:$D$10,">=0") -> 0 | X8: =COUNTIFS($B$5:$B$10,V8,$G$5:$G$10,3)+COUNTIFS($E$5:$E$10,V8,$H$5:$H$10,3) -> 0 | Y8: =COUNTIFS($B$5:$B$10,V8,$G$5:$G$10,1)+COUNTIFS($E$5:$E$10,V8,$H$5:$H$10,1) -> 0 | Z8: =COUNTIFS($B$5:$B$10,V8,$G$5:$G$10,0)+COUNTIFS($E$5:$E$10,V8,$H$5:$H$10,0) -> 0 | AA8: =SUMIF($B$5:$B$10,V8,$C$5:$C$10)+SUMIF($E$5:$E$10,V8,$D$5:$D$10) -> 0 | AB8: =SUMIF($B$5:$B$10,V8,$D$5:$D$10)+SUMIF($E$5:$E$10,V8,$C$5:$C$10) -> 0 | AC8: =+AA8-AB8 -> 0 | AD8: =SUMIF($B$5:$B$10,V8,$G$5:$G$10)+SUMIF($E$5:$E$10,V8,$H$5:$H$10) -> 0 | AE8: =SUM(AD8*1000000+AC8*10000+AA8*100+X8*10) -> 0 | AG8: ='VM-tipset 2026 mall'!BP93 -> Australien
B9: ='VM-tipset 2026 mall'!B42 -> Australien | C9: ='VM-tipset 2026 mall'!C42 | D9: ='VM-tipset 2026 mall'!E42 | E9: ='VM-tipset 2026 mall'!F42 -> USA | G9: =IF(C9="","",IF(C9>D9,3,IF(C9=D9,1,0))) | H9: =IF(D9="","",IF(D9>C9,3,IF(D9=C9,1,0))) | K9: 3 | L9: =VLOOKUP($K9,$U$6:$AD$10,COLUMNS($L$7:L9)+1,FALSE) -> Australien | M9: =VLOOKUP($K9,$U$6:$AD$10,COLUMNS($L$7:M9)+1,FALSE) -> 0 | N9: =VLOOKUP($K9,$U$6:$AD$10,COLUMNS($L$7:N9)+1,FALSE) -> 0 | O9: =VLOOKUP($K9,$U$6:$AD$10,COLUMNS($L$7:O9)+1,FALSE) -> 0 | P9: =VLOOKUP($K9,$U$6:$AD$10,COLUMNS($L$7:P9)+1,FALSE) -> 0 | Q9: =VLOOKUP($K9,$U$6:$AD$10,COLUMNS($L$7:Q9)+1,FALSE) -> 0 | R9: =VLOOKUP($K9,$U$6:$AD$10,COLUMNS($L$7:R9)+1,FALSE) -> 0 | S9: =VLOOKUP($K9,$U$6:$AD$10,COLUMNS($L$7:S9)+1,FALSE) -> 0 | T9: =VLOOKUP($K9,$U$6:$AD$10,COLUMNS($L$7:T9)+1,FALSE) -> 0 | U9: =RANK(AE9,$AE$7:$AE$10,0)+COUNTIF($AE$6:AE8,AE9) -> 3 | V9: =+AG8 -> Australien | W9: =COUNTIFS($B$5:$B$10,V9,$C$5:$C$10,">=0")+COUNTIFS($E$5:$E$10,V9,$D$5:$D$10,">=0") -> 0 | X9: =COUNTIFS($B$5:$B$10,V9,$G$5:$G$10,3)+COUNTIFS($E$5:$E$10,V9,$H$5:$H$10,3) -> 0 | Y9: =COUNTIFS($B$5:$B$10,V9,$G$5:$G$10,1)+COUNTIFS($E$5:$E$10,V9,$H$5:$H$10,1) -> 0 | Z9: =COUNTIFS($B$5:$B$10,V9,$G$5:$G$10,0)+COUNTIFS($E$5:$E$10,V9,$H$5:$H$10,0) -> 0 | AA9: =SUMIF($B$5:$B$10,V9,$C$5:$C$10)+SUMIF($E$5:$E$10,V9,$D$5:$D$10) -> 0 | AB9: =SUMIF($B$5:$B$10,V9,$D$5:$D$10)+SUMIF($E$5:$E$10,V9,$C$5:$C$10) -> 0 | AC9: =+AA9-AB9 -> 0 | AD9: =SUMIF($B$5:$B$10,V9,$G$5:$G$10)+SUMIF($E$5:$E$10,V9,$H$5:$H$10) -> 0 | AE9: =SUM(AD9*1000000+AC9*10000+AA9*100+X9*10) -> 0 | AG9: ='VM-tipset 2026 mall'!BP94 -> Turkiet
B10: ='VM-tipset 2026 mall'!B43 -> Paraguay | C10: ='VM-tipset 2026 mall'!C43 | D10: ='VM-tipset 2026 mall'!E43 | E10: ='VM-tipset 2026 mall'!F43 -> Australien | G10: =IF(C10="","",IF(C10>D10,3,IF(C10=D10,1,0))) | H10: =IF(D10="","",IF(D10>C10,3,IF(D10=C10,1,0))) | K10: 4 | L10: =VLOOKUP($K10,$U$6:$AD$10,COLUMNS($L$7:L10)+1,FALSE) -> Turkiet | M10: =VLOOKUP($K10,$U$6:$AD$10,COLUMNS($L$7:M10)+1,FALSE) -> 0 | N10: =VLOOKUP($K10,$U$6:$AD$10,COLUMNS($L$7:N10)+1,FALSE) -> 0 | O10: =VLOOKUP($K10,$U$6:$AD$10,COLUMNS($L$7:O10)+1,FALSE) -> 0 | P10: =VLOOKUP($K10,$U$6:$AD$10,COLUMNS($L$7:P10)+1,FALSE) -> 0 | Q10: =VLOOKUP($K10,$U$6:$AD$10,COLUMNS($L$7:Q10)+1,FALSE) -> 0 | R10: =VLOOKUP($K10,$U$6:$AD$10,COLUMNS($L$7:R10)+1,FALSE) -> 0 | S10: =VLOOKUP($K10,$U$6:$AD$10,COLUMNS($L$7:S10)+1,FALSE) -> 0 | T10: =VLOOKUP($K10,$U$6:$AD$10,COLUMNS($L$7:T10)+1,FALSE) -> 0 | U10: =RANK(AE10,$AE$7:$AE$10,0)+COUNTIF($AE$6:AE9,AE10) -> 4 | V10: =+AG9 -> Turkiet | W10: =COUNTIFS($B$5:$B$10,V10,$C$5:$C$10,">=0")+COUNTIFS($E$5:$E$10,V10,$D$5:$D$10,">=0") -> 0 | X10: =COUNTIFS($B$5:$B$10,V10,$G$5:$G$10,3)+COUNTIFS($E$5:$E$10,V10,$H$5:$H$10,3) -> 0 | Y10: =COUNTIFS($B$5:$B$10,V10,$G$5:$G$10,1)+COUNTIFS($E$5:$E$10,V10,$H$5:$H$10,1) -> 0 | Z10: =COUNTIFS($B$5:$B$10,V10,$G$5:$G$10,0)+COUNTIFS($E$5:$E$10,V10,$H$5:$H$10,0) -> 0 | AA10: =SUMIF($B$5:$B$10,V10,$C$5:$C$10)+SUMIF($E$5:$E$10,V10,$D$5:$D$10) -> 0 | AB10: =SUMIF($B$5:$B$10,V10,$D$5:$D$10)+SUMIF($E$5:$E$10,V10,$C$5:$C$10) -> 0 | AC10: =+AA10-AB10 -> 0 | AD10: =SUMIF($B$5:$B$10,V10,$G$5:$G$10)+SUMIF($E$5:$E$10,V10,$H$5:$H$10) -> 0 | AE10: =SUM(AD10*1000000+AC10*10000+AA10*100+X10*10) -> 0

Sheet Grupp E
B2: Grupp E
B4: Lag | G4: Poäng
B5: ='VM-tipset 2026 mall'!B46 -> Tyskland | C5: ='VM-tipset 2026 mall'!C46 | D5: ='VM-tipset 2026 mall'!E46 | E5: ='VM-tipset 2026 mall'!F46 -> Curaçao | G5: =IF(C5="","",IF(C5>D5,3,IF(C5=D5,1,0))) | H5: =IF(D5="","",IF(D5>C5,3,IF(D5=C5,1,0))) | AG5: Grupp E
B6: ='VM-tipset 2026 mall'!B47 -> Elfenbenskusten | C6: ='VM-tipset 2026 mall'!C47 | D6: ='VM-tipset 2026 mall'!E47 | E6: ='VM-tipset 2026 mall'!F47 -> Ecuador | G6: =IF(C6="","",IF(C6>D6,3,IF(C6=D6,1,0))) | H6: =IF(D6="","",IF(D6>C6,3,IF(D6=C6,1,0))) | K6: Nn | L6: Teams | M6: P | N6: W | O6: D | P6: L | Q6: Ga | R6: Gf | S6: G+/- | T6: Points | U6: rank | V6: Teams | W6: P | X6: W | Y6: D | Z6: L | AA6: Ga | AB6: Gf | AC6: G+/- | AD6: Points | AE6: Criteria for rank | AG6: ='VM-tipset 2026 mall'!BP96 -> Tyskland
B7: ='VM-tipset 2026 mall'!B48 -> Tyskland | C7: ='VM-tipset 2026 mall'!C48 | D7: ='VM-tipset 2026 mall'!E48 | E7: ='VM-tipset 2026 mall'!F48 -> Elfenbenskusten | G7: =IF(C7="","",IF(C7>D7,3,IF(C7=D7,1,0))) | H7: =IF(D7="","",IF(D7>C7,3,IF(D7=C7,1,0))) | K7: 1 | L7: =VLOOKUP($K7,$U$6:$AD$10,COLUMNS($L$7:L7)+1,FALSE) -> Tyskland | M7: =VLOOKUP($K7,$U$6:$AD$10,COLUMNS($L$7:M7)+1,FALSE) -> 0 | N7: =VLOOKUP($K7,$U$6:$AD$10,COLUMNS($L$7:N7)+1,FALSE) -> 0 | O7: =VLOOKUP($K7,$U$6:$AD$10,COLUMNS($L$7:O7)+1,FALSE) -> 0 | P7: =VLOOKUP($K7,$U$6:$AD$10,COLUMNS($L$7:P7)+1,FALSE) -> 0 | Q7: =VLOOKUP($K7,$U$6:$AD$10,COLUMNS($L$7:Q7)+1,FALSE) -> 0 | R7: =VLOOKUP($K7,$U$6:$AD$10,COLUMNS($L$7:R7)+1,FALSE) -> 0 | S7: =VLOOKUP($K7,$U$6:$AD$10,COLUMNS($L$7:S7)+1,FALSE) -> 0 | T7: =VLOOKUP($K7,$U$6:$AD$10,COLUMNS($L$7:T7)+1,FALSE) -> 0 | U7: =RANK(AE7,$AE$7:$AE$10,0)+COUNTIF($AE$6:AE6,AE7) -> 1 | V7: =+AG6 -> Tyskland | W7: =COUNTIFS($B$5:$B$10,V7,$C$5:$C$10,">=0")+COUNTIFS($E$5:$E$10,V7,$D$5:$D$10,">=0") -> 0 | X7: =COUNTIFS($B$5:$B$10,V7,$G$5:$G$10,3)+COUNTIFS($E$5:$E$10,V7,$H$5:$H$10,3) -> 0 | Y7: =COUNTIFS($B$5:$B$10,V7,$G$5:$G$10,1)+COUNTIFS($E$5:$E$10,V7,$H$5:$H$10,1) -> 0 | Z7: =COUNTIFS($B$5:$B$10,V7,$G$5:$G$10,0)+COUNTIFS($E$5:$E$10,V7,$H$5:$H$10,0) -> 0 | AA7: =SUMIF($B$5:$B$10,V7,$C$5:$C$10)+SUMIF($E$5:$E$10,V7,$D$5:$D$10) -> 0 | AB7: =SUMIF($B$5:$B$10,V7,$D$5:$D$10)+SUMIF($E$5:$E$10,V7,$C$5:$C$10) -> 0 | AC7: =+AA7-AB7 -> 0 | AD7: =SUMIF($B$5:$B$10,V7,$G$5:$G$10)+SUMIF($E$5:$E$10,V7,$H$5:$H$10) -> 0 | AE7: =SUM(AD7*1000000+AC7*10000+AA7*100+X7*10) -> 0 | AG7: ='VM-tipset 2026 mall'!BP97 -> Curaçao
B8: ='VM-tipset 2026 mall'!B49 -> Curaçao | C8: ='VM-tipset 2026 mall'!C49 | D8: ='VM-tipset 2026 mall'!E49 | E8: ='VM-tipset 2026 mall'!F49 -> Ecuador | G8: =IF(C8="","",IF(C8>D8,3,IF(C8=D8,1,0))) | H8: =IF(D8="","",IF(D8>C8,3,IF(D8=C8,1,0))) | K8: 2 | L8: =VLOOKUP($K8,$U$6:$AD$10,COLUMNS($L$7:L8)+1,FALSE) -> Curaçao | M8: =VLOOKUP($K8,$U$6:$AD$10,COLUMNS($L$7:M8)+1,FALSE) -> 0 | N8: =VLOOKUP($K8,$U$6:$AD$10,COLUMNS($L$7:N8)+1,FALSE) -> 0 | O8: =VLOOKUP($K8,$U$6:$AD$10,COLUMNS($L$7:O8)+1,FALSE) -> 0 | P8: =VLOOKUP($K8,$U$6:$AD$10,COLUMNS($L$7:P8)+1,FALSE) -> 0 | Q8: =VLOOKUP($K8,$U$6:$AD$10,COLUMNS($L$7:Q8)+1,FALSE) -> 0 | R8: =VLOOKUP($K8,$U$6:$AD$10,COLUMNS($L$7:R8)+1,FALSE) -> 0 | S8: =VLOOKUP($K8,$U$6:$AD$10,COLUMNS($L$7:S8)+1,FALSE) -> 0 | T8: =VLOOKUP($K8,$U$6:$AD$10,COLUMNS($L$7:T8)+1,FALSE) -> 0 | U8: =RANK(AE8,$AE$7:$AE$10,0)+COUNTIF($AE$6:AE7,AE8) -> 2 | V8: =+AG7 -> Curaçao | W8: =COUNTIFS($B$5:$B$10,V8,$C$5:$C$10,">=0")+COUNTIFS($E$5:$E$10,V8,$D$5:$D$10,">=0") -> 0 | X8: =COUNTIFS($B$5:$B$10,V8,$G$5:$G$10,3)+COUNTIFS($E$5:$E$10,V8,$H$5:$H$10,3) -> 0 | Y8: =COUNTIFS($B$5:$B$10,V8,$G$5:$G$10,1)+COUNTIFS($E$5:$E$10,V8,$H$5:$H$10,1) -> 0 | Z8: =COUNTIFS($B$5:$B$10,V8,$G$5:$G$10,0)+COUNTIFS($E$5:$E$10,V8,$H$5:$H$10,0) -> 0 | AA8: =SUMIF($B$5:$B$10,V8,$C$5:$C$10)+SUMIF($E$5:$E$10,V8,$D$5:$D$10) -> 0 | AB8: =SUMIF($B$5:$B$10,V8,$D$5:$D$10)+SUMIF($E$5:$E$10,V8,$C$5:$C$10) -> 0 | AC8: =+AA8-AB8 -> 0 | AD8: =SUMIF($B$5:$B$10,V8,$G$5:$G$10)+SUMIF($E$5:$E$10,V8,$H$5:$H$10) -> 0 | AE8: =SUM(AD8*1000000+AC8*10000+AA8*100+X8*10) -> 0 | AG8: ='VM-tipset 2026 mall'!BP98 -> Elfenbenskusten
B9: ='VM-tipset 2026 mall'!B50 -> Tyskland | C9: ='VM-tipset 2026 mall'!C50 | D9: ='VM-tipset 2026 mall'!E50 | E9: ='VM-tipset 2026 mall'!F50 -> Ecuador | G9: =IF(C9="","",IF(C9>D9,3,IF(C9=D9,1,0))) | H9: =IF(D9="","",IF(D9>C9,3,IF(D9=C9,1,0))) | K9: 3 | L9: =VLOOKUP($K9,$U$6:$AD$10,COLUMNS($L$7:L9)+1,FALSE) -> Elfenbenskusten | M9: =VLOOKUP($K9,$U$6:$AD$10,COLUMNS($L$7:M9)+1,FALSE) -> 0 | N9: =VLOOKUP($K9,$U$6:$AD$10,COLUMNS($L$7:N9)+1,FALSE) -> 0 | O9: =VLOOKUP($K9,$U$6:$AD$10,COLUMNS($L$7:O9)+1,FALSE) -> 0 | P9: =VLOOKUP($K9,$U$6:$AD$10,COLUMNS($L$7:P9)+1,FALSE) -> 0 | Q9: =VLOOKUP($K9,$U$6:$AD$10,COLUMNS($L$7:Q9)+1,FALSE) -> 0 | R9: =VLOOKUP($K9,$U$6:$AD$10,COLUMNS($L$7:R9)+1,FALSE) -> 0 | S9: =VLOOKUP($K9,$U$6:$AD$10,COLUMNS($L$7:S9)+1,FALSE) -> 0 | T9: =VLOOKUP($K9,$U$6:$AD$10,COLUMNS($L$7:T9)+1,FALSE) -> 0 | U9: =RANK(AE9,$AE$7:$AE$10,0)+COUNTIF($AE$6:AE8,AE9) -> 3 | V9: =+AG8 -> Elfenbenskusten | W9: =COUNTIFS($B$5:$B$10,V9,$C$5:$C$10,">=0")+COUNTIFS($E$5:$E$10,V9,$D$5:$D$10,">=0") -> 0 | X9: =COUNTIFS($B$5:$B$10,V9,$G$5:$G$10,3)+COUNTIFS($E$5:$E$10,V9,$H$5:$H$10,3) -> 0 | Y9: =COUNTIFS($B$5:$B$10,V9,$G$5:$G$10,1)+COUNTIFS($E$5:$E$10,V9,$H$5:$H$10,1) -> 0 | Z9: =COUNTIFS($B$5:$B$10,V9,$G$5:$G$10,0)+COUNTIFS($E$5:$E$10,V9,$H$5:$H$10,0) -> 0 | AA9: =SUMIF($B$5:$B$10,V9,$C$5:$C$10)+SUMIF($E$5:$E$10,V9,$D$5:$D$10) -> 0 | AB9: =SUMIF($B$5:$B$10,V9,$D$5:$D$10)+SUMIF($E$5:$E$10,V9,$C$5:$C$10) -> 0 | AC9: =+AA9-AB9 -> 0 | AD9: =SUMIF($B$5:$B$10,V9,$G$5:$G$10)+SUMIF($E$5:$E$10,V9,$H$5:$H$10) -> 0 | AE9: =SUM(AD9*1000000+AC9*10000+AA9*100+X9*10) -> 0 | AG9: ='VM-tipset 2026 mall'!BP99 -> Ecuador
B10: ='VM-tipset 2026 mall'!B51 -> Curaçao | C10: ='VM-tipset 2026 mall'!C51 | D10: ='VM-tipset 2026 mall'!E51 | E10: ='VM-tipset 2026 mall'!F51 -> Elfenbenskusten | G10: =IF(C10="","",IF(C10>D10,3,IF(C10=D10,1,0))) | H10: =IF(D10="","",IF(D10>C10,3,IF(D10=C10,1,0))) | K10: 4 | L10: =VLOOKUP($K10,$U$6:$AD$10,COLUMNS($L$7:L10)+1,FALSE) -> Ecuador | M10: =VLOOKUP($K10,$U$6:$AD$10,COLUMNS($L$7:M10)+1,FALSE) -> 0 | N10: =VLOOKUP($K10,$U$6:$AD$10,COLUMNS($L$7:N10)+1,FALSE) -> 0 | O10: =VLOOKUP($K10,$U$6:$AD$10,COLUMNS($L$7:O10)+1,FALSE) -> 0 | P10: =VLOOKUP($K10,$U$6:$AD$10,COLUMNS($L$7:P10)+1,FALSE) -> 0 | Q10: =VLOOKUP($K10,$U$6:$AD$10,COLUMNS($L$7:Q10)+1,FALSE) -> 0 | R10: =VLOOKUP($K10,$U$6:$AD$10,COLUMNS($L$7:R10)+1,FALSE) -> 0 | S10: =VLOOKUP($K10,$U$6:$AD$10,COLUMNS($L$7:S10)+1,FALSE) -> 0 | T10: =VLOOKUP($K10,$U$6:$AD$10,COLUMNS($L$7:T10)+1,FALSE) -> 0 | U10: =RANK(AE10,$AE$7:$AE$10,0)+COUNTIF($AE$6:AE9,AE10) -> 4 | V10: =+AG9 -> Ecuador | W10: =COUNTIFS($B$5:$B$10,V10,$C$5:$C$10,">=0")+COUNTIFS($E$5:$E$10,V10,$D$5:$D$10,">=0") -> 0 | X10: =COUNTIFS($B$5:$B$10,V10,$G$5:$G$10,3)+COUNTIFS($E$5:$E$10,V10,$H$5:$H$10,3) -> 0 | Y10: =COUNTIFS($B$5:$B$10,V10,$G$5:$G$10,1)+COUNTIFS($E$5:$E$10,V10,$H$5:$H$10,1) -> 0 | Z10: =COUNTIFS($B$5:$B$10,V10,$G$5:$G$10,0)+COUNTIFS($E$5:$E$10,V10,$H$5:$H$10,0) -> 0 | AA10: =SUMIF($B$5:$B$10,V10,$C$5:$C$10)+SUMIF($E$5:$E$10,V10,$D$5:$D$10) -> 0 | AB10: =SUMIF($B$5:$B$10,V10,$D$5:$D$10)+SUMIF($E$5:$E$10,V10,$C$5:$C$10) -> 0 | AC10: =+AA10-AB10 -> 0 | AD10: =SUMIF($B$5:$B$10,V10,$G$5:$G$10)+SUMIF($E$5:$E$10,V10,$H$5:$H$10) -> 0 | AE10: =SUM(AD10*1000000+AC10*10000+AA10*100+X10*10) -> 0

Sheet Grupp F
B2: Grupp F
B4: Lag | G4: Poäng
B5: ='VM-tipset 2026 mall'!B54 -> Nederländerna | C5: ='VM-tipset 2026 mall'!C54 | D5: ='VM-tipset 2026 mall'!E54 | E5: ='VM-tipset 2026 mall'!F54 -> Japan | G5: =IF(C5="","",IF(C5>D5,3,IF(C5=D5,1,0))) | H5: =IF(D5="","",IF(D5>C5,3,IF(D5=C5,1,0))) | AG5: Grupp F
B6: ='VM-tipset 2026 mall'!B55 -> Sverige | C6: ='VM-tipset 2026 mall'!C55 | D6: ='VM-tipset 2026 mall'!E55 | E6: ='VM-tipset 2026 mall'!F55 -> Tunisien | G6: =IF(C6="","",IF(C6>D6,3,IF(C6=D6,1,0))) | H6: =IF(D6="","",IF(D6>C6,3,IF(D6=C6,1,0))) | K6: Nn | L6: Teams | M6: P | N6: W | O6: D | P6: L | Q6: Ga | R6: Gf | S6: G+/- | T6: Points | U6: rank | V6: Teams | W6: P | X6: W | Y6: D | Z6: L | AA6: Ga | AB6: Gf | AC6: G+/- | AD6: Points | AE6: Criteria for rank | AG6: ='VM-tipset 2026 mall'!BP101 -> Nederländerna
B7: ='VM-tipset 2026 mall'!B56 -> Nederländerna | C7: ='VM-tipset 2026 mall'!C56 | D7: ='VM-tipset 2026 mall'!E56 | E7: ='VM-tipset 2026 mall'!F56 -> Sverige | G7: =IF(C7="","",IF(C7>D7,3,IF(C7=D7,1,0))) | H7: =IF(D7="","",IF(D7>C7,3,IF(D7=C7,1,0))) | K7: 1 | L7: =VLOOKUP($K7,$U$6:$AD$10,COLUMNS($L$7:L7)+1,FALSE) -> Nederländerna | M7: =VLOOKUP($K7,$U$6:$AD$10,COLUMNS($L$7:M7)+1,FALSE) -> 0 | N7: =VLOOKUP($K7,$U$6:$AD$10,COLUMNS($L$7:N7)+1,FALSE) -> 0 | O7: =VLOOKUP($K7,$U$6:$AD$10,COLUMNS($L$7:O7)+1,FALSE) -> 0 | P7: =VLOOKUP($K7,$U$6:$AD$10,COLUMNS($L$7:P7)+1,FALSE) -> 0 | Q7: =VLOOKUP($K7,$U$6:$AD$10,COLUMNS($L$7:Q7)+1,FALSE) -> 0 | R7: =VLOOKUP($K7,$U$6:$AD$10,COLUMNS($L$7:R7)+1,FALSE) -> 0 | S7: =VLOOKUP($K7,$U$6:$AD$10,COLUMNS($L$7:S7)+1,FALSE) -> 0 | T7: =VLOOKUP($K7,$U$6:$AD$10,COLUMNS($L$7:T7)+1,FALSE) -> 0 | U7: =RANK(AE7,$AE$7:$AE$10,0)+COUNTIF($AE$6:AE6,AE7) -> 1 | V7: =+AG6 -> Nederländerna | W7: =COUNTIFS($B$5:$B$10,V7,$C$5:$C$10,">=0")+COUNTIFS($E$5:$E$10,V7,$D$5:$D$10,">=0") -> 0 | X7: =COUNTIFS($B$5:$B$10,V7,$G$5:$G$10,3)+COUNTIFS($E$5:$E$10,V7,$H$5:$H$10,3) -> 0 | Y7: =COUNTIFS($B$5:$B$10,V7,$G$5:$G$10,1)+COUNTIFS($E$5:$E$10,V7,$H$5:$H$10,1) -> 0 | Z7: =COUNTIFS($B$5:$B$10,V7,$G$5:$G$10,0)+COUNTIFS($E$5:$E$10,V7,$H$5:$H$10,0) -> 0 | AA7: =SUMIF($B$5:$B$10,V7,$C$5:$C$10)+SUMIF($E$5:$E$10,V7,$D$5:$D$10) -> 0 | AB7: =SUMIF($B$5:$B$10,V7,$D$5:$D$10)+SUMIF($E$5:$E$10,V7,$C$5:$C$10) -> 0 | AC7: =+AA7-AB7 -> 0 | AD7: =SUMIF($B$5:$B$10,V7,$G$5:$G$10)+SUMIF($E$5:$E$10,V7,$H$5:$H$10) -> 0 | AE7: =SUM(AD7*1000000+AC7*10000+AA7*100+X7*10) -> 0 | AG7: ='VM-tipset 2026 mall'!BP102 -> Japan
B8: ='VM-tipset 2026 mall'!B57 -> Japan | C8: ='VM-tipset 2026 mall'!C57 | D8: ='VM-tipset 2026 mall'!E57 | E8: ='VM-tipset 2026 mall'!F57 -> Tunisien | G8: =IF(C8="","",IF(C8>D8,3,IF(C8=D8,1,0))) | H8: =IF(D8="","",IF(D8>C8,3,IF(D8=C8,1,0))) | K8: 2 | L8: =VLOOKUP($K8,$U$6:$AD$10,COLUMNS($L$7:L8)+1,FALSE) -> Japan | M8: =VLOOKUP($K8,$U$6:$AD$10,COLUMNS($L$7:M8)+1,FALSE) -> 0 | N8: =VLOOKUP($K8,$U$6:$AD$10,COLUMNS($L$7:N8)+1,FALSE) -> 0 | O8: =VLOOKUP($K8,$U$6:$AD$10,COLUMNS($L$7:O8)+1,FALSE) -> 0 | P8: =VLOOKUP($K8,$U$6:$AD$10,COLUMNS($L$7:P8)+1,FALSE) -> 0 | Q8: =VLOOKUP($K8,$U$6:$AD$10,COLUMNS($L$7:Q8)+1,FALSE) -> 0 | R8: =VLOOKUP($K8,$U$6:$AD$10,COLUMNS($L$7:R8)+1,FALSE) -> 0 | S8: =VLOOKUP($K8,$U$6:$AD$10,COLUMNS($L$7:S8)+1,FALSE) -> 0 | T8: =VLOOKUP($K8,$U$6:$AD$10,COLUMNS($L$7:T8)+1,FALSE) -> 0 | U8: =RANK(AE8,$AE$7:$AE$10,0)+COUNTIF($AE$6:AE7,AE8) -> 2 | V8: =+AG7 -> Japan | W8: =COUNTIFS($B$5:$B$10,V8,$C$5:$C$10,">=0")+COUNTIFS($E$5:$E$10,V8,$D$5:$D$10,">=0") -> 0 | X8: =COUNTIFS($B$5:$B$10,V8,$G$5:$G$10,3)+COUNTIFS($E$5:$E$10,V8,$H$5:$H$10,3) -> 0 | Y8: =COUNTIFS($B$5:$B$10,V8,$G$5:$G$10,1)+COUNTIFS($E$5:$E$10,V8,$H$5:$H$10,1) -> 0 | Z8: =COUNTIFS($B$5:$B$10,V8,$G$5:$G$10,0)+COUNTIFS($E$5:$E$10,V8,$H$5:$H$10,0) -> 0 | AA8: =SUMIF($B$5:$B$10,V8,$C$5:$C$10)+SUMIF($E$5:$E$10,V8,$D$5:$D$10) -> 0 | AB8: =SUMIF($B$5:$B$10,V8,$D$5:$D$10)+SUMIF($E$5:$E$10,V8,$C$5:$C$10) -> 0 | AC8: =+AA8-AB8 -> 0 | AD8: =SUMIF($B$5:$B$10,V8,$G$5:$G$10)+SUMIF($E$5:$E$10,V8,$H$5:$H$10) -> 0 | AE8: =SUM(AD8*1000000+AC8*10000+AA8*100+X8*10) -> 0 | AG8: ='VM-tipset 2026 mall'!BP103 -> Sverige
B9: ='VM-tipset 2026 mall'!B58 -> Nederländerna | C9: ='VM-tipset 2026 mall'!C58 | D9: ='VM-tipset 2026 mall'!E58 | E9: ='VM-tipset 2026 mall'!F58 -> Tunisien | G9: =IF(C9="","",IF(C9>D9,3,IF(C9=D9,1,0))) | H9: =IF(D9="","",IF(D9>C9,3,IF(D9=C9,1,0))) | K9: 3 | L9: =VLOOKUP($K9,$U$6:$AD$10,COLUMNS($L$7:L9)+1,FALSE) -> Sverige | M9: =VLOOKUP($K9,$U$6:$AD$10,COLUMNS($L$7:M9)+1,FALSE) -> 0 | N9: =VLOOKUP($K9,$U$6:$AD$10,COLUMNS($L$7:N9)+1,FALSE) -> 0 | O9: =VLOOKUP($K9,$U$6:$AD$10,COLUMNS($L$7:O9)+1,FALSE) -> 0 | P9: =VLOOKUP($K9,$U$6:$AD$10,COLUMNS($L$7:P9)+1,FALSE) -> 0 | Q9: =VLOOKUP($K9,$U$6:$AD$10,COLUMNS($L$7:Q9)+1,FALSE) -> 0 | R9: =VLOOKUP($K9,$U$6:$AD$10,COLUMNS($L$7:R9)+1,FALSE) -> 0 | S9: =VLOOKUP($K9,$U$6:$AD$10,COLUMNS($L$7:S9)+1,FALSE) -> 0 | T9: =VLOOKUP($K9,$U$6:$AD$10,COLUMNS($L$7:T9)+1,FALSE) -> 0 | U9: =RANK(AE9,$AE$7:$AE$10,0)+COUNTIF($AE$6:AE8,AE9) -> 3 | V9: =+AG8 -> Sverige | W9: =COUNTIFS($B$5:$B$10,V9,$C$5:$C$10,">=0")+COUNTIFS($E$5:$E$10,V9,$D$5:$D$10,">=0") -> 0 | X9: =COUNTIFS($B$5:$B$10,V9,$G$5:$G$10,3)+COUNTIFS($E$5:$E$10,V9,$H$5:$H$10,3) -> 0 | Y9: =COUNTIFS($B$5:$B$10,V9,$G$5:$G$10,1)+COUNTIFS($E$5:$E$10,V9,$H$5:$H$10,1) -> 0 | Z9: =COUNTIFS($B$5:$B$10,V9,$G$5:$G$10,0)+COUNTIFS($E$5:$E$10,V9,$H$5:$H$10,0) -> 0 | AA9: =SUMIF($B$5:$B$10,V9,$C$5:$C$10)+SUMIF($E$5:$E$10,V9,$D$5:$D$10) -> 0 | AB9: =SUMIF($B$5:$B$10,V9,$D$5:$D$10)+SUMIF($E$5:$E$10,V9,$C$5:$C$10) -> 0 | AC9: =+AA9-AB9 -> 0 | AD9: =SUMIF($B$5:$B$10,V9,$G$5:$G$10)+SUMIF($E$5:$E$10,V9,$H$5:$H$10) -> 0 | AE9: =SUM(AD9*1000000+AC9*10000+AA9*100+X9*10) -> 0 | AG9: ='VM-tipset 2026 mall'!BP104 -> Tunisien
B10: ='VM-tipset 2026 mall'!B59 -> Japan | C10: ='VM-tipset 2026 mall'!C59 | D10: ='VM-tipset 2026 mall'!E59 | E10: ='VM-tipset 2026 mall'!F59 -> Sverige | G10: =IF(C10="","",IF(C10>D10,3,IF(C10=D10,1,0))) | H10: =IF(D10="","",IF(D10>C10,3,IF(D10=C10,1,0))) | K10: 4 | L10: =VLOOKUP($K10,$U$6:$AD$10,COLUMNS($L$7:L10)+1,FALSE) -> Tunisien | M10: =VLOOKUP($K10,$U$6:$AD$10,COLUMNS($L$7:M10)+1,FALSE) -> 0 | N10: =VLOOKUP($K10,$U$6:$AD$10,COLUMNS($L$7:N10)+1,FALSE) -> 0 | O10: =VLOOKUP($K10,$U$6:$AD$10,COLUMNS($L$7:O10)+1,FALSE) -> 0 | P10: =VLOOKUP($K10,$U$6:$AD$10,COLUMNS($L$7:P10)+1,FALSE) -> 0 | Q10: =VLOOKUP($K10,$U$6:$AD$10,COLUMNS($L$7:Q10)+1,FALSE) -> 0 | R10: =VLOOKUP($K10,$U$6:$AD$10,COLUMNS($L$7:R10)+1,FALSE) -> 0 | S10: =VLOOKUP($K10,$U$6:$AD$10,COLUMNS($L$7:S10)+1,FALSE) -> 0 | T10: =VLOOKUP($K10,$U$6:$AD$10,COLUMNS($L$7:T10)+1,FALSE) -> 0 | U10: =RANK(AE10,$AE$7:$AE$10,0)+COUNTIF($AE$6:AE9,AE10) -> 4 | V10: =+AG9 -> Tunisien | W10: =COUNTIFS($B$5:$B$10,V10,$C$5:$C$10,">=0")+COUNTIFS($E$5:$E$10,V10,$D$5:$D$10,">=0") -> 0 | X10: =COUNTIFS($B$5:$B$10,V10,$G$5:$G$10,3)+COUNTIFS($E$5:$E$10,V10,$H$5:$H$10,3) -> 0 | Y10: =COUNTIFS($B$5:$B$10,V10,$G$5:$G$10,1)+COUNTIFS($E$5:$E$10,V10,$H$5:$H$10,1) -> 0 | Z10: =COUNTIFS($B$5:$B$10,V10,$G$5:$G$10,0)+COUNTIFS($E$5:$E$10,V10,$H$5:$H$10,0) -> 0 | AA10: =SUMIF($B$5:$B$10,V10,$C$5:$C$10)+SUMIF($E$5:$E$10,V10,$D$5:$D$10) -> 0 | AB10: =SUMIF($B$5:$B$10,V10,$D$5:$D$10)+SUMIF($E$5:$E$10,V10,$C$5:$C$10) -> 0 | AC10: =+AA10-AB10 -> 0 | AD10: =SUMIF($B$5:$B$10,V10,$G$5:$G$10)+SUMIF($E$5:$E$10,V10,$H$5:$H$10) -> 0 | AE10: =SUM(AD10*1000000+AC10*10000+AA10*100+X10*10) -> 0

Sheet Grupp G
B2: Grupp G
B4: Lag | G4: Poäng
B5: ='VM-tipset 2026 mall'!B62 -> Belgien | C5: ='VM-tipset 2026 mall'!C62 | D5: ='VM-tipset 2026 mall'!E62 | E5: ='VM-tipset 2026 mall'!F62 -> Egypten | G5: =IF(C5="","",IF(C5>D5,3,IF(C5=D5,1,0))) | H5: =IF(D5="","",IF(D5>C5,3,IF(D5=C5,1,0))) | AG5: Grupp G
B6: ='VM-tipset 2026 mall'!B63 -> Iran | C6: ='VM-tipset 2026 mall'!C63 | D6: ='VM-tipset 2026 mall'!E63 | E6: ='VM-tipset 2026 mall'!F63 -> Nya Zeeland | G6: =IF(C6="","",IF(C6>D6,3,IF(C6=D6,1,0))) | H6: =IF(D6="","",IF(D6>C6,3,IF(D6=C6,1,0))) | K6: Nn | L6: Teams | M6: P | N6: W | O6: D | P6: L | Q6: Ga | R6: Gf | S6: G+/- | T6: Points | U6: rank | V6: Teams | W6: P | X6: W | Y6: D | Z6: L | AA6: Ga | AB6: Gf | AC6: G+/- | AD6: Points | AE6: Criteria for rank | AG6: ='VM-tipset 2026 mall'!BR76 -> Belgien
B7: ='VM-tipset 2026 mall'!B64 -> Belgien | C7: ='VM-tipset 2026 mall'!C64 | D7: ='VM-tipset 2026 mall'!E64 | E7: ='VM-tipset 2026 mall'!F64 -> Iran | G7: =IF(C7="","",IF(C7>D7,3,IF(C7=D7,1,0))) | H7: =IF(D7="","",IF(D7>C7,3,IF(D7=C7,1,0))) | K7: 1 | L7: =VLOOKUP($K7,$U$6:$AD$10,COLUMNS($L$7:L7)+1,FALSE) -> Belgien | M7: =VLOOKUP($K7,$U$6:$AD$10,COLUMNS($L$7:M7)+1,FALSE) -> 0 | N7: =VLOOKUP($K7,$U$6:$AD$10,COLUMNS($L$7:N7)+1,FALSE) -> 0 | O7: =VLOOKUP($K7,$U$6:$AD$10,COLUMNS($L$7:O7)+1,FALSE) -> 0 | P7: =VLOOKUP($K7,$U$6:$AD$10,COLUMNS($L$7:P7)+1,FALSE) -> 0 | Q7: =VLOOKUP($K7,$U$6:$AD$10,COLUMNS($L$7:Q7)+1,FALSE) -> 0 | R7: =VLOOKUP($K7,$U$6:$AD$10,COLUMNS($L$7:R7)+1,FALSE) -> 0 | S7: =VLOOKUP($K7,$U$6:$AD$10,COLUMNS($L$7:S7)+1,FALSE) -> 0 | T7: =VLOOKUP($K7,$U$6:$AD$10,COLUMNS($L$7:T7)+1,FALSE) -> 0 | U7: =RANK(AE7,$AE$7:$AE$10,0)+COUNTIF($AE$6:AE6,AE7) -> 1 | V7: =+AG6 -> Belgien | W7: =COUNTIFS($B$5:$B$10,V7,$C$5:$C$10,">=0")+COUNTIFS($E$5:$E$10,V7,$D$5:$D$10,">=0") -> 0 | X7: =COUNTIFS($B$5:$B$10,V7,$G$5:$G$10,3)+COUNTIFS($E$5:$E$10,V7,$H$5:$H$10,3) -> 0 | Y7: =COUNTIFS($B$5:$B$10,V7,$G$5:$G$10,1)+COUNTIFS($E$5:$E$10,V7,$H$5:$H$10,1) -> 0 | Z7: =COUNTIFS($B$5:$B$10,V7,$G$5:$G$10,0)+COUNTIFS($E$5:$E$10,V7,$H$5:$H$10,0) -> 0 | AA7: =SUMIF($B$5:$B$10,V7,$C$5:$C$10)+SUMIF($E$5:$E$10,V7,$D$5:$D$10) -> 0 | AB7: =SUMIF($B$5:$B$10,V7,$D$5:$D$10)+SUMIF($E$5:$E$10,V7,$C$5:$C$10) -> 0 | AC7: =+AA7-AB7 -> 0 | AD7: =SUMIF($B$5:$B$10,V7,$G$5:$G$10)+SUMIF($E$5:$E$10,V7,$H$5:$H$10) -> 0 | AE7: =SUM(AD7*1000000+AC7*10000+AA7*100+X7*10) -> 0 | AG7: ='VM-tipset 2026 mall'!BR77 -> Egypten
B8: ='VM-tipset 2026 mall'!B65 -> Egypten | C8: ='VM-tipset 2026 mall'!C65 | D8: ='VM-tipset 2026 mall'!E65 | E8: ='VM-tipset 2026 mall'!F65 -> Nya Zeeland | G8: =IF(C8="","",IF(C8>D8,3,IF(C8=D8,1,0))) | H8: =IF(D8="","",IF(D8>C8,3,IF(D8=C8,1,0))) | K8: 2 | L8: =VLOOKUP($K8,$U$6:$AD$10,COLUMNS($L$7:L8)+1,FALSE) -> Egypten | M8: =VLOOKUP($K8,$U$6:$AD$10,COLUMNS($L$7:M8)+1,FALSE) -> 0 | N8: =VLOOKUP($K8,$U$6:$AD$10,COLUMNS($L$7:N8)+1,FALSE) -> 0 | O8: =VLOOKUP($K8,$U$6:$AD$10,COLUMNS($L$7:O8)+1,FALSE) -> 0 | P8: =VLOOKUP($K8,$U$6:$AD$10,COLUMNS($L$7:P8)+1,FALSE) -> 0 | Q8: =VLOOKUP($K8,$U$6:$AD$10,COLUMNS($L$7:Q8)+1,FALSE) -> 0 | R8: =VLOOKUP($K8,$U$6:$AD$10,COLUMNS($L$7:R8)+1,FALSE) -> 0 | S8: =VLOOKUP($K8,$U$6:$AD$10,COLUMNS($L$7:S8)+1,FALSE) -> 0 | T8: =VLOOKUP($K8,$U$6:$AD$10,COLUMNS($L$7:T8)+1,FALSE) -> 0 | U8: =RANK(AE8,$AE$7:$AE$10,0)+COUNTIF($AE$6:AE7,AE8) -> 2 | V8: =+AG7 -> Egypten | W8: =COUNTIFS($B$5:$B$10,V8,$C$5:$C$10,">=0")+COUNTIFS($E$5:$E$10,V8,$D$5:$D$10,">=0") -> 0 | X8: =COUNTIFS($B$5:$B$10,V8,$G$5:$G$10,3)+COUNTIFS($E$5:$E$10,V8,$H$5:$H$10,3) -> 0 | Y8: =COUNTIFS($B$5:$B$10,V8,$G$5:$G$10,1)+COUNTIFS($E$5:$E$10,V8,$H$5:$H$10,1) -> 0 | Z8: =COUNTIFS($B$5:$B$10,V8,$G$5:$G$10,0)+COUNTIFS($E$5:$E$10,V8,$H$5:$H$10,0) -> 0 | AA8: =SUMIF($B$5:$B$10,V8,$C$5:$C$10)+SUMIF($E$5:$E$10,V8,$D$5:$D$10) -> 0 | AB8: =SUMIF($B$5:$B$10,V8,$D$5:$D$10)+SUMIF($E$5:$E$10,V8,$C$5:$C$10) -> 0 | AC8: =+AA8-AB8 -> 0 | AD8: =SUMIF($B$5:$B$10,V8,$G$5:$G$10)+SUMIF($E$5:$E$10,V8,$H$5:$H$10) -> 0 | AE8: =SUM(AD8*1000000+AC8*10000+AA8*100+X8*10) -> 0 | AG8: ='VM-tipset 2026 mall'!BR78 -> Iran
B9: ='VM-tipset 2026 mall'!B66 -> Belgien | C9: ='VM-tipset 2026 mall'!C66 | D9: ='VM-tipset 2026 mall'!E66 | E9: ='VM-tipset 2026 mall'!F66 -> Nya Zeeland | G9: =IF(C9="","",IF(C9>D9,3,IF(C9=D9,1,0))) | H9: =IF(D9="","",IF(D9>C9,3,IF(D9=C9,1,0))) | K9: 3 | L9: =VLOOKUP($K9,$U$6:$AD$10,COLUMNS($L$7:L9)+1,FALSE) -> Iran | M9: =VLOOKUP($K9,$U$6:$AD$10,COLUMNS($L$7:M9)+1,FALSE) -> 0 | N9: =VLOOKUP($K9,$U$6:$AD$10,COLUMNS($L$7:N9)+1,FALSE) -> 0 | O9: =VLOOKUP($K9,$U$6:$AD$10,COLUMNS($L$7:O9)+1,FALSE) -> 0 | P9: =VLOOKUP($K9,$U$6:$AD$10,COLUMNS($L$7:P9)+1,FALSE) -> 0 | Q9: =VLOOKUP($K9,$U$6:$AD$10,COLUMNS($L$7:Q9)+1,FALSE) -> 0 | R9: =VLOOKUP($K9,$U$6:$AD$10,COLUMNS($L$7:R9)+1,FALSE) -> 0 | S9: =VLOOKUP($K9,$U$6:$AD$10,COLUMNS($L$7:S9)+1,FALSE) -> 0 | T9: =VLOOKUP($K9,$U$6:$AD$10,COLUMNS($L$7:T9)+1,FALSE) -> 0 | U9: =RANK(AE9,$AE$7:$AE$10,0)+COUNTIF($AE$6:AE8,AE9) -> 3 | V9: =+AG8 -> Iran | W9: =COUNTIFS($B$5:$B$10,V9,$C$5:$C$10,">=0")+COUNTIFS($E$5:$E$10,V9,$D$5:$D$10,">=0") -> 0 | X9: =COUNTIFS($B$5:$B$10,V9,$G$5:$G$10,3)+COUNTIFS($E$5:$E$10,V9,$H$5:$H$10,3) -> 0 | Y9: =COUNTIFS($B$5:$B$10,V9,$G$5:$G$10,1)+COUNTIFS($E$5:$E$10,V9,$H$5:$H$10,1) -> 0 | Z9: =COUNTIFS($B$5:$B$10,V9,$G$5:$G$10,0)+COUNTIFS($E$5:$E$10,V9,$H$5:$H$10,0) -> 0 | AA9: =SUMIF($B$5:$B$10,V9,$C$5:$C$10)+SUMIF($E$5:$E$10,V9,$D$5:$D$10) -> 0 | AB9: =SUMIF($B$5:$B$10,V9,$D$5:$D$10)+SUMIF($E$5:$E$10,V9,$C$5:$C$10) -> 0 | AC9: =+AA9-AB9 -> 0 | AD9: =SUMIF($B$5:$B$10,V9,$G$5:$G$10)+SUMIF($E$5:$E$10,V9,$H$5:$H$10) -> 0 | AE9: =SUM(AD9*1000000+AC9*10000+AA9*100+X9*10) -> 0 | AG9: ='VM-tipset 2026 mall'!BR79 -> Nya Zeeland
B10: ='VM-tipset 2026 mall'!B67 -> Egypten | C10: ='VM-tipset 2026 mall'!C67 | D10: ='VM-tipset 2026 mall'!E67 | E10: ='VM-tipset 2026 mall'!F67 -> Iran | G10: =IF(C10="","",IF(C10>D10,3,IF(C10=D10,1,0))) | H10: =IF(D10="","",IF(D10>C10,3,IF(D10=C10,1,0))) | K10: 4 | L10: =VLOOKUP($K10,$U$6:$AD$10,COLUMNS($L$7:L10)+1,FALSE) -> Nya Zeeland | M10: =VLOOKUP($K10,$U$6:$AD$10,COLUMNS($L$7:M10)+1,FALSE) -> 0 | N10: =VLOOKUP($K10,$U$6:$AD$10,COLUMNS($L$7:N10)+1,FALSE) -> 0 | O10: =VLOOKUP($K10,$U$6:$AD$10,COLUMNS($L$7:O10)+1,FALSE) -> 0 | P10: =VLOOKUP($K10,$U$6:$AD$10,COLUMNS($L$7:P10)+1,FALSE) -> 0 | Q10: =VLOOKUP($K10,$U$6:$AD$10,COLUMNS($L$7:Q10)+1,FALSE) -> 0 | R10: =VLOOKUP($K10,$U$6:$AD$10,COLUMNS($L$7:R10)+1,FALSE) -> 0 | S10: =VLOOKUP($K10,$U$6:$AD$10,COLUMNS($L$7:S10)+1,FALSE) -> 0 | T10: =VLOOKUP($K10,$U$6:$AD$10,COLUMNS($L$7:T10)+1,FALSE) -> 0 | U10: =RANK(AE10,$AE$7:$AE$10,0)+COUNTIF($AE$6:AE9,AE10) -> 4 | V10: =+AG9 -> Nya Zeeland | W10: =COUNTIFS($B$5:$B$10,V10,$C$5:$C$10,">=0")+COUNTIFS($E$5:$E$10,V10,$D$5:$D$10,">=0") -> 0 | X10: =COUNTIFS($B$5:$B$10,V10,$G$5:$G$10,3)+COUNTIFS($E$5:$E$10,V10,$H$5:$H$10,3) -> 0 | Y10: =COUNTIFS($B$5:$B$10,V10,$G$5:$G$10,1)+COUNTIFS($E$5:$E$10,V10,$H$5:$H$10,1) -> 0 | Z10: =COUNTIFS($B$5:$B$10,V10,$G$5:$G$10,0)+COUNTIFS($E$5:$E$10,V10,$H$5:$H$10,0) -> 0 | AA10: =SUMIF($B$5:$B$10,V10,$C$5:$C$10)+SUMIF($E$5:$E$10,V10,$D$5:$D$10) -> 0 | AB10: =SUMIF($B$5:$B$10,V10,$D$5:$D$10)+SUMIF($E$5:$E$10,V10,$C$5:$C$10) -> 0 | AC10: =+AA10-AB10 -> 0 | AD10: =SUMIF($B$5:$B$10,V10,$G$5:$G$10)+SUMIF($E$5:$E$10,V10,$H$5:$H$10) -> 0 | AE10: =SUM(AD10*1000000+AC10*10000+AA10*100+X10*10) -> 0

Sheet Grupp H
B2: Grupp H
B4: Lag | G4: Poäng
B5: ='VM-tipset 2026 mall'!B70 -> Spanien | C5: ='VM-tipset 2026 mall'!C70 | D5: ='VM-tipset 2026 mall'!E70 | E5: ='VM-tipset 2026 mall'!F70 -> Kap Verde | G5: =IF(C5="","",IF(C5>D5,3,IF(C5=D5,1,0))) | H5: =IF(D5="","",IF(D5>C5,3,IF(D5=C5,1,0))) | AG5: Grupp H
B6: ='VM-tipset 2026 mall'!B71 -> Saudiarabien | C6: ='VM-tipset 2026 mall'!C71 | D6: ='VM-tipset 2026 mall'!E71 | E6: ='VM-tipset 2026 mall'!F71 -> Uruguay | G6: =IF(C6="","",IF(C6>D6,3,IF(C6=D6,1,0))) | H6: =IF(D6="","",IF(D6>C6,3,IF(D6=C6,1,0))) | K6: Nn | L6: Teams | M6: P | N6: W | O6: D | P6: L | Q6: Ga | R6: Gf | S6: G+/- | T6: Points | U6: rank | V6: Teams | W6: P | X6: W | Y6: D | Z6: L | AA6: Ga | AB6: Gf | AC6: G+/- | AD6: Points | AE6: Criteria for rank | AG6: ='VM-tipset 2026 mall'!BR81 -> Spanien
B7: ='VM-tipset 2026 mall'!B72 -> Spanien | C7: ='VM-tipset 2026 mall'!C72 | D7: ='VM-tipset 2026 mall'!E72 | E7: ='VM-tipset 2026 mall'!F72 -> Saudiarabien | G7: =IF(C7="","",IF(C7>D7,3,IF(C7=D7,1,0))) | H7: =IF(D7="","",IF(D7>C7,3,IF(D7=C7,1,0))) | K7: 1 | L7: =VLOOKUP($K7,$U$6:$AD$10,COLUMNS($L$7:L7)+1,FALSE) -> Spanien | M7: =VLOOKUP($K7,$U$6:$AD$10,COLUMNS($L$7:M7)+1,FALSE) -> 0 | N7: =VLOOKUP($K7,$U$6:$AD$10,COLUMNS($L$7:N7)+1,FALSE) -> 0 | O7: =VLOOKUP($K7,$U$6:$AD$10,COLUMNS($L$7:O7)+1,FALSE) -> 0 | P7: =VLOOKUP($K7,$U$6:$AD$10,COLUMNS($L$7:P7)+1,FALSE) -> 0 | Q7: =VLOOKUP($K7,$U$6:$AD$10,COLUMNS($L$7:Q7)+1,FALSE) -> 0 | R7: =VLOOKUP($K7,$U$6:$AD$10,COLUMNS($L$7:R7)+1,FALSE) -> 0 | S7: =VLOOKUP($K7,$U$6:$AD$10,COLUMNS($L$7:S7)+1,FALSE) -> 0 | T7: =VLOOKUP($K7,$U$6:$AD$10,COLUMNS($L$7:T7)+1,FALSE) -> 0 | U7: =RANK(AE7,$AE$7:$AE$10,0)+COUNTIF($AE$6:AE6,AE7) -> 1 | V7: =+AG6 -> Spanien | W7: =COUNTIFS($B$5:$B$10,V7,$C$5:$C$10,">=0")+COUNTIFS($E$5:$E$10,V7,$D$5:$D$10,">=0") -> 0 | X7: =COUNTIFS($B$5:$B$10,V7,$G$5:$G$10,3)+COUNTIFS($E$5:$E$10,V7,$H$5:$H$10,3) -> 0 | Y7: =COUNTIFS($B$5:$B$10,V7,$G$5:$G$10,1)+COUNTIFS($E$5:$E$10,V7,$H$5:$H$10,1) -> 0 | Z7: =COUNTIFS($B$5:$B$10,V7,$G$5:$G$10,0)+COUNTIFS($E$5:$E$10,V7,$H$5:$H$10,0) -> 0 | AA7: =SUMIF($B$5:$B$10,V7,$C$5:$C$10)+SUMIF($E$5:$E$10,V7,$D$5:$D$10) -> 0 | AB7: =SUMIF($B$5:$B$10,V7,$D$5:$D$10)+SUMIF($E$5:$E$10,V7,$C$5:$C$10) -> 0 | AC7: =+AA7-AB7 -> 0 | AD7: =SUMIF($B$5:$B$10,V7,$G$5:$G$10)+SUMIF($E$5:$E$10,V7,$H$5:$H$10) -> 0 | AE7: =SUM(AD7*1000000+AC7*10000+AA7*100+X7*10) -> 0 | AG7: ='VM-tipset 2026 mall'!BR82 -> Kap Verde
B8: ='VM-tipset 2026 mall'!B73 -> Kap Verde | C8: ='VM-tipset 2026 mall'!C73 | D8: ='VM-tipset 2026 mall'!E73 | E8: ='VM-tipset 2026 mall'!F73 -> Uruguay | G8: =IF(C8="","",IF(C8>D8,3,IF(C8=D8,1,0))) | H8: =IF(D8="","",IF(D8>C8,3,IF(D8=C8,1,0))) | K8: 2 | L8: =VLOOKUP($K8,$U$6:$AD$10,COLUMNS($L$7:L8)+1,FALSE) -> Kap Verde | M8: =VLOOKUP($K8,$U$6:$AD$10,COLUMNS($L$7:M8)+1,FALSE) -> 0 | N8: =VLOOKUP($K8,$U$6:$AD$10,COLUMNS($L$7:N8)+1,FALSE) -> 0 | O8: =VLOOKUP($K8,$U$6:$AD$10,COLUMNS($L$7:O8)+1,FALSE) -> 0 | P8: =VLOOKUP($K8,$U$6:$AD$10,COLUMNS($L$7:P8)+1,FALSE) -> 0 | Q8: =VLOOKUP($K8,$U$6:$AD$10,COLUMNS($L$7:Q8)+1,FALSE) -> 0 | R8: =VLOOKUP($K8,$U$6:$AD$10,COLUMNS($L$7:R8)+1,FALSE) -> 0 | S8: =VLOOKUP($K8,$U$6:$AD$10,COLUMNS($L$7:S8)+1,FALSE) -> 0 | T8: =VLOOKUP($K8,$U$6:$AD$10,COLUMNS($L$7:T8)+1,FALSE) -> 0 | U8: =RANK(AE8,$AE$7:$AE$10,0)+COUNTIF($AE$6:AE7,AE8) -> 2 | V8: =+AG7 -> Kap Verde | W8: =COUNTIFS($B$5:$B$10,V8,$C$5:$C$10,">=0")+COUNTIFS($E$5:$E$10,V8,$D$5:$D$10,">=0") -> 0 | X8: =COUNTIFS($B$5:$B$10,V8,$G$5:$G$10,3)+COUNTIFS($E$5:$E$10,V8,$H$5:$H$10,3) -> 0 | Y8: =COUNTIFS($B$5:$B$10,V8,$G$5:$G$10,1)+COUNTIFS($E$5:$E$10,V8,$H$5:$H$10,1) -> 0 | Z8: =COUNTIFS($B$5:$B$10,V8,$G$5:$G$10,0)+COUNTIFS($E$5:$E$10,V8,$H$5:$H$10,0) -> 0 | AA8: =SUMIF($B$5:$B$10,V8,$C$5:$C$10)+SUMIF($E$5:$E$10,V8,$D$5:$D$10) -> 0 | AB8: =SUMIF($B$5:$B$10,V8,$D$5:$D$10)+SUMIF($E$5:$E$10,V8,$C$5:$C$10) -> 0 | AC8: =+AA8-AB8 -> 0 | AD8: =SUMIF($B$5:$B$10,V8,$G$5:$G$10)+SUMIF($E$5:$E$10,V8,$H$5:$H$10) -> 0 | AE8: =SUM(AD8*1000000+AC8*10000+AA8*100+X8*10) -> 0 | AG8: ='VM-tipset 2026 mall'!BR83 -> Saudiarabien
B9: ='VM-tipset 2026 mall'!B74 -> Spanien | C9: ='VM-tipset 2026 mall'!C74 | D9: ='VM-tipset 2026 mall'!E74 | E9: ='VM-tipset 2026 mall'!F74 -> Uruguay | G9: =IF(C9="","",IF(C9>D9,3,IF(C9=D9,1,0))) | H9: =IF(D9="","",IF(D9>C9,3,IF(D9=C9,1,0))) | K9: 3 | L9: =VLOOKUP($K9,$U$6:$AD$10,COLUMNS($L$7:L9)+1,FALSE) -> Saudiarabien | M9: =VLOOKUP($K9,$U$6:$AD$10,COLUMNS($L$7:M9)+1,FALSE) -> 0 | N9: =VLOOKUP($K9,$U$6:$AD$10,COLUMNS($L$7:N9)+1,FALSE) -> 0 | O9: =VLOOKUP($K9,$U$6:$AD$10,COLUMNS($L$7:O9)+1,FALSE) -> 0 | P9: =VLOOKUP($K9,$U$6:$AD$10,COLUMNS($L$7:P9)+1,FALSE) -> 0 | Q9: =VLOOKUP($K9,$U$6:$AD$10,COLUMNS($L$7:Q9)+1,FALSE) -> 0 | R9: =VLOOKUP($K9,$U$6:$AD$10,COLUMNS($L$7:R9)+1,FALSE) -> 0 | S9: =VLOOKUP($K9,$U$6:$AD$10,COLUMNS($L$7:S9)+1,FALSE) -> 0 | T9: =VLOOKUP($K9,$U$6:$AD$10,COLUMNS($L$7:T9)+1,FALSE) -> 0 | U9: =RANK(AE9,$AE$7:$AE$10,0)+COUNTIF($AE$6:AE8,AE9) -> 3 | V9: =+AG8 -> Saudiarabien | W9: =COUNTIFS($B$5:$B$10,V9,$C$5:$C$10,">=0")+COUNTIFS($E$5:$E$10,V9,$D$5:$D$10,">=0") -> 0 | X9: =COUNTIFS($B$5:$B$10,V9,$G$5:$G$10,3)+COUNTIFS($E$5:$E$10,V9,$H$5:$H$10,3) -> 0 | Y9: =COUNTIFS($B$5:$B$10,V9,$G$5:$G$10,1)+COUNTIFS($E$5:$E$10,V9,$H$5:$H$10,1) -> 0 | Z9: =COUNTIFS($B$5:$B$10,V9,$G$5:$G$10,0)+COUNTIFS($E$5:$E$10,V9,$H$5:$H$10,0) -> 0 | AA9: =SUMIF($B$5:$B$10,V9,$C$5:$C$10)+SUMIF($E$5:$E$10,V9,$D$5:$D$10) -> 0 | AB9: =SUMIF($B$5:$B$10,V9,$D$5:$D$10)+SUMIF($E$5:$E$10,V9,$C$5:$C$10) -> 0 | AC9: =+AA9-AB9 -> 0 | AD9: =SUMIF($B$5:$B$10,V9,$G$5:$G$10)+SUMIF($E$5:$E$10,V9,$H$5:$H$10) -> 0 | AE9: =SUM(AD9*1000000+AC9*10000+AA9*100+X9*10) -> 0 | AG9: ='VM-tipset 2026 mall'!BR84 -> Uruguay
B10: ='VM-tipset 2026 mall'!B75 -> Kap Verde | C10: ='VM-tipset 2026 mall'!C75 | D10: ='VM-tipset 2026 mall'!E75 | E10: ='VM-tipset 2026 mall'!F75 -> Saudiarabien | G10: =IF(C10="","",IF(C10>D10,3,IF(C10=D10,1,0))) | H10: =IF(D10="","",IF(D10>C10,3,IF(D10=C10,1,0))) | K10: 4 | L10: =VLOOKUP($K10,$U$6:$AD$10,COLUMNS($L$7:L10)+1,FALSE) -> Uruguay | M10: =VLOOKUP($K10,$U$6:$AD$10,COLUMNS($L$7:M10)+1,FALSE) -> 0 | N10: =VLOOKUP($K10,$U$6:$AD$10,COLUMNS($L$7:N10)+1,FALSE) -> 0 | O10: =VLOOKUP($K10,$U$6:$AD$10,COLUMNS($L$7:O10)+1,FALSE) -> 0 | P10: =VLOOKUP($K10,$U$6:$AD$10,COLUMNS($L$7:P10)+1,FALSE) -> 0 | Q10: =VLOOKUP($K10,$U$6:$AD$10,COLUMNS($L$7:Q10)+1,FALSE) -> 0 | R10: =VLOOKUP($K10,$U$6:$AD$10,COLUMNS($L$7:R10)+1,FALSE) -> 0 | S10: =VLOOKUP($K10,$U$6:$AD$10,COLUMNS($L$7:S10)+1,FALSE) -> 0 | T10: =VLOOKUP($K10,$U$6:$AD$10,COLUMNS($L$7:T10)+1,FALSE) -> 0 | U10: =RANK(AE10,$AE$7:$AE$10,0)+COUNTIF($AE$6:AE9,AE10) -> 4 | V10: =+AG9 -> Uruguay | W10: =COUNTIFS($B$5:$B$10,V10,$C$5:$C$10,">=0")+COUNTIFS($E$5:$E$10,V10,$D$5:$D$10,">=0") -> 0 | X10: =COUNTIFS($B$5:$B$10,V10,$G$5:$G$10,3)+COUNTIFS($E$5:$E$10,V10,$H$5:$H$10,3) -> 0 | Y10: =COUNTIFS($B$5:$B$10,V10,$G$5:$G$10,1)+COUNTIFS($E$5:$E$10,V10,$H$5:$H$10,1) -> 0 | Z10: =COUNTIFS($B$5:$B$10,V10,$G$5:$G$10,0)+COUNTIFS($E$5:$E$10,V10,$H$5:$H$10,0) -> 0 | AA10: =SUMIF($B$5:$B$10,V10,$C$5:$C$10)+SUMIF($E$5:$E$10,V10,$D$5:$D$10) -> 0 | AB10: =SUMIF($B$5:$B$10,V10,$D$5:$D$10)+SUMIF($E$5:$E$10,V10,$C$5:$C$10) -> 0 | AC10: =+AA10-AB10 -> 0 | AD10: =SUMIF($B$5:$B$10,V10,$G$5:$G$10)+SUMIF($E$5:$E$10,V10,$H$5:$H$10) -> 0 | AE10: =SUM(AD10*1000000+AC10*10000+AA10*100+X10*10) -> 0

Sheet Grupp I
B2: Grupp H
B4: Lag | G4: Poäng
B5: ='VM-tipset 2026 mall'!B78 -> Frankrike | C5: ='VM-tipset 2026 mall'!C78 | D5: ='VM-tipset 2026 mall'!E78 | E5: ='VM-tipset 2026 mall'!F78 -> Senegal | G5: =IF(C5="","",IF(C5>D5,3,IF(C5=D5,1,0))) | H5: =IF(D5="","",IF(D5>C5,3,IF(D5=C5,1,0))) | AG5: Grupp I
B6: ='VM-tipset 2026 mall'!B79 -> Irak | C6: ='VM-tipset 2026 mall'!C79 | D6: ='VM-tipset 2026 mall'!E79 | E6: ='VM-tipset 2026 mall'!F79 -> Norge | G6: =IF(C6="","",IF(C6>D6,3,IF(C6=D6,1,0))) | H6: =IF(D6="","",IF(D6>C6,3,IF(D6=C6,1,0))) | K6: Nn | L6: Teams | M6: P | N6: W | O6: D | P6: L | Q6: Ga | R6: Gf | S6: G+/- | T6: Points | U6: rank | V6: Teams | W6: P | X6: W | Y6: D | Z6: L | AA6: Ga | AB6: Gf | AC6: G+/- | AD6: Points | AE6: Criteria for rank | AG6: ='VM-tipset 2026 mall'!BR86 -> Frankrike
B7: ='VM-tipset 2026 mall'!B80 -> Frankrike | C7: ='VM-tipset 2026 mall'!C80 | D7: ='VM-tipset 2026 mall'!E80 | E7: ='VM-tipset 2026 mall'!F80 -> Irak | G7: =IF(C7="","",IF(C7>D7,3,IF(C7=D7,1,0))) | H7: =IF(D7="","",IF(D7>C7,3,IF(D7=C7,1,0))) | K7: 1 | L7: =VLOOKUP($K7,$U$6:$AD$10,COLUMNS($L$7:L7)+1,FALSE) -> Frankrike | M7: =VLOOKUP($K7,$U$6:$AD$10,COLUMNS($L$7:M7)+1,FALSE) -> 0 | N7: =VLOOKUP($K7,$U$6:$AD$10,COLUMNS($L$7:N7)+1,FALSE) -> 0 | O7: =VLOOKUP($K7,$U$6:$AD$10,COLUMNS($L$7:O7)+1,FALSE) -> 0 | P7: =VLOOKUP($K7,$U$6:$AD$10,COLUMNS($L$7:P7)+1,FALSE) -> 0 | Q7: =VLOOKUP($K7,$U$6:$AD$10,COLUMNS($L$7:Q7)+1,FALSE) -> 0 | R7: =VLOOKUP($K7,$U$6:$AD$10,COLUMNS($L$7:R7)+1,FALSE) -> 0 | S7: =VLOOKUP($K7,$U$6:$AD$10,COLUMNS($L$7:S7)+1,FALSE) -> 0 | T7: =VLOOKUP($K7,$U$6:$AD$10,COLUMNS($L$7:T7)+1,FALSE) -> 0 | U7: =RANK(AE7,$AE$7:$AE$10,0)+COUNTIF($AE$6:AE6,AE7) -> 1 | V7: =+AG6 -> Frankrike | W7: =COUNTIFS($B$5:$B$10,V7,$C$5:$C$10,">=0")+COUNTIFS($E$5:$E$10,V7,$D$5:$D$10,">=0") -> 0 | X7: =COUNTIFS($B$5:$B$10,V7,$G$5:$G$10,3)+COUNTIFS($E$5:$E$10,V7,$H$5:$H$10,3) -> 0 | Y7: =COUNTIFS($B$5:$B$10,V7,$G$5:$G$10,1)+COUNTIFS($E$5:$E$10,V7,$H$5:$H$10,1) -> 0 | Z7: =COUNTIFS($B$5:$B$10,V7,$G$5:$G$10,0)+COUNTIFS($E$5:$E$10,V7,$H$5:$H$10,0) -> 0 | AA7: =SUMIF($B$5:$B$10,V7,$C$5:$C$10)+SUMIF($E$5:$E$10,V7,$D$5:$D$10) -> 0 | AB7: =SUMIF($B$5:$B$10,V7,$D$5:$D$10)+SUMIF($E$5:$E$10,V7,$C$5:$C$10) -> 0 | AC7: =+AA7-AB7 -> 0 | AD7: =SUMIF($B$5:$B$10,V7,$G$5:$G$10)+SUMIF($E$5:$E$10,V7,$H$5:$H$10) -> 0 | AE7: =SUM(AD7*1000000+AC7*10000+AA7*100+X7*10) -> 0 | AG7: ='VM-tipset 2026 mall'!BR87 -> Senegal
B8: ='VM-tipset 2026 mall'!B81 -> Senegal | C8: ='VM-tipset 2026 mall'!C81 | D8: ='VM-tipset 2026 mall'!E81 | E8: ='VM-tipset 2026 mall'!F81 -> Norge | G8: =IF(C8="","",IF(C8>D8,3,IF(C8=D8,1,0))) | H8: =IF(D8="","",IF(D8>C8,3,IF(D8=C8,1,0))) | K8: 2 | L8: =VLOOKUP($K8,$U$6:$AD$10,COLUMNS($L$7:L8)+1,FALSE) -> Senegal | M8: =VLOOKUP($K8,$U$6:$AD$10,COLUMNS($L$7:M8)+1,FALSE) -> 0 | N8: =VLOOKUP($K8,$U$6:$AD$10,COLUMNS($L$7:N8)+1,FALSE) -> 0 | O8: =VLOOKUP($K8,$U$6:$AD$10,COLUMNS($L$7:O8)+1,FALSE) -> 0 | P8: =VLOOKUP($K8,$U$6:$AD$10,COLUMNS($L$7:P8)+1,FALSE) -> 0 | Q8: =VLOOKUP($K8,$U$6:$AD$10,COLUMNS($L$7:Q8)+1,FALSE) -> 0 | R8: =VLOOKUP($K8,$U$6:$AD$10,COLUMNS($L$7:R8)+1,FALSE) -> 0 | S8: =VLOOKUP($K8,$U$6:$AD$10,COLUMNS($L$7:S8)+1,FALSE) -> 0 | T8: =VLOOKUP($K8,$U$6:$AD$10,COLUMNS($L$7:T8)+1,FALSE) -> 0 | U8: =RANK(AE8,$AE$7:$AE$10,0)+COUNTIF($AE$6:AE7,AE8) -> 2 | V8: =+AG7 -> Senegal | W8: =COUNTIFS($B$5:$B$10,V8,$C$5:$C$10,">=0")+COUNTIFS($E$5:$E$10,V8,$D$5:$D$10,">=0") -> 0 | X8: =COUNTIFS($B$5:$B$10,V8,$G$5:$G$10,3)+COUNTIFS($E$5:$E$10,V8,$H$5:$H$10,3) -> 0 | Y8: =COUNTIFS($B$5:$B$10,V8,$G$5:$G$10,1)+COUNTIFS($E$5:$E$10,V8,$H$5:$H$10,1) -> 0 | Z8: =COUNTIFS($B$5:$B$10,V8,$G$5:$G$10,0)+COUNTIFS($E$5:$E$10,V8,$H$5:$H$10,0) -> 0 | AA8: =SUMIF($B$5:$B$10,V8,$C$5:$C$10)+SUMIF($E$5:$E$10,V8,$D$5:$D$10) -> 0 | AB8: =SUMIF($B$5:$B$10,V8,$D$5:$D$10)+SUMIF($E$5:$E$10,V8,$C$5:$C$10) -> 0 | AC8: =+AA8-AB8 -> 0 | AD8: =SUMIF($B$5:$B$10,V8,$G$5:$G$10)+SUMIF($E$5:$E$10,V8,$H$5:$H$10) -> 0 | AE8: =SUM(AD8*1000000+AC8*10000+AA8*100+X8*10) -> 0 | AG8: ='VM-tipset 2026 mall'!BR88 -> Irak
B9: ='VM-tipset 2026 mall'!B82 -> Frankrike | C9: ='VM-tipset 2026 mall'!C82 | D9: ='VM-tipset 2026 mall'!E82 | E9: ='VM-tipset 2026 mall'!F82 -> Norge | G9: =IF(C9="","",IF(C9>D9,3,IF(C9=D9,1,0))) | H9: =IF(D9="","",IF(D9>C9,3,IF(D9=C9,1,0))) | K9: 3 | L9: =VLOOKUP($K9,$U$6:$AD$10,COLUMNS($L$7:L9)+1,FALSE) -> Irak | M9: =VLOOKUP($K9,$U$6:$AD$10,COLUMNS($L$7:M9)+1,FALSE) -> 0 | N9: =VLOOKUP($K9,$U$6:$AD$10,COLUMNS($L$7:N9)+1,FALSE) -> 0 | O9: =VLOOKUP($K9,$U$6:$AD$10,COLUMNS($L$7:O9)+1,FALSE) -> 0 | P9: =VLOOKUP($K9,$U$6:$AD$10,COLUMNS($L$7:P9)+1,FALSE) -> 0 | Q9: =VLOOKUP($K9,$U$6:$AD$10,COLUMNS($L$7:Q9)+1,FALSE) -> 0 | R9: =VLOOKUP($K9,$U$6:$AD$10,COLUMNS($L$7:R9)+1,FALSE) -> 0 | S9: =VLOOKUP($K9,$U$6:$AD$10,COLUMNS($L$7:S9)+1,FALSE) -> 0 | T9: =VLOOKUP($K9,$U$6:$AD$10,COLUMNS($L$7:T9)+1,FALSE) -> 0 | U9: =RANK(AE9,$AE$7:$AE$10,0)+COUNTIF($AE$6:AE8,AE9) -> 3 | V9: =+AG8 -> Irak | W9: =COUNTIFS($B$5:$B$10,V9,$C$5:$C$10,">=0")+COUNTIFS($E$5:$E$10,V9,$D$5:$D$10,">=0") -> 0 | X9: =COUNTIFS($B$5:$B$10,V9,$G$5:$G$10,3)+COUNTIFS($E$5:$E$10,V9,$H$5:$H$10,3) -> 0 | Y9: =COUNTIFS($B$5:$B$10,V9,$G$5:$G$10,1)+COUNTIFS($E$5:$E$10,V9,$H$5:$H$10,1) -> 0 | Z9: =COUNTIFS($B$5:$B$10,V9,$G$5:$G$10,0)+COUNTIFS($E$5:$E$10,V9,$H$5:$H$10,0) -> 0 | AA9: =SUMIF($B$5:$B$10,V9,$C$5:$C$10)+SUMIF($E$5:$E$10,V9,$D$5:$D$10) -> 0 | AB9: =SUMIF($B$5:$B$10,V9,$D$5:$D$10)+SUMIF($E$5:$E$10,V9,$C$5:$C$10) -> 0 | AC9: =+AA9-AB9 -> 0 | AD9: =SUMIF($B$5:$B$10,V9,$G$5:$G$10)+SUMIF($E$5:$E$10,V9,$H$5:$H$10) -> 0 | AE9: =SUM(AD9*1000000+AC9*10000+AA9*100+X9*10) -> 0 | AG9: ='VM-tipset 2026 mall'!BR89 -> Norge
B10: ='VM-tipset 2026 mall'!B83 -> Senegal | C10: ='VM-tipset 2026 mall'!C83 | D10: ='VM-tipset 2026 mall'!E83 | E10: ='VM-tipset 2026 mall'!F83 -> Irak | G10: =IF(C10="","",IF(C10>D10,3,IF(C10=D10,1,0))) | H10: =IF(D10="","",IF(D10>C10,3,IF(D10=C10,1,0))) | K10: 4 | L10: =VLOOKUP($K10,$U$6:$AD$10,COLUMNS($L$7:L10)+1,FALSE) -> Norge | M10: =VLOOKUP($K10,$U$6:$AD$10,COLUMNS($L$7:M10)+1,FALSE) -> 0 | N10: =VLOOKUP($K10,$U$6:$AD$10,COLUMNS($L$7:N10)+1,FALSE) -> 0 | O10: =VLOOKUP($K10,$U$6:$AD$10,COLUMNS($L$7:O10)+1,FALSE) -> 0 | P10: =VLOOKUP($K10,$U$6:$AD$10,COLUMNS($L$7:P10)+1,FALSE) -> 0 | Q10: =VLOOKUP($K10,$U$6:$AD$10,COLUMNS($L$7:Q10)+1,FALSE) -> 0 | R10: =VLOOKUP($K10,$U$6:$AD$10,COLUMNS($L$7:R10)+1,FALSE) -> 0 | S10: =VLOOKUP($K10,$U$6:$AD$10,COLUMNS($L$7:S10)+1,FALSE) -> 0 | T10: =VLOOKUP($K10,$U$6:$AD$10,COLUMNS($L$7:T10)+1,FALSE) -> 0 | U10: =RANK(AE10,$AE$7:$AE$10,0)+COUNTIF($AE$6:AE9,AE10) -> 4 | V10: =+AG9 -> Norge | W10: =COUNTIFS($B$5:$B$10,V10,$C$5:$C$10,">=0")+COUNTIFS($E$5:$E$10,V10,$D$5:$D$10,">=0") -> 0 | X10: =COUNTIFS($B$5:$B$10,V10,$G$5:$G$10,3)+COUNTIFS($E$5:$E$10,V10,$H$5:$H$10,3) -> 0 | Y10: =COUNTIFS($B$5:$B$10,V10,$G$5:$G$10,1)+COUNTIFS($E$5:$E$10,V10,$H$5:$H$10,1) -> 0 | Z10: =COUNTIFS($B$5:$B$10,V10,$G$5:$G$10,0)+COUNTIFS($E$5:$E$10,V10,$H$5:$H$10,0) -> 0 | AA10: =SUMIF($B$5:$B$10,V10,$C$5:$C$10)+SUMIF($E$5:$E$10,V10,$D$5:$D$10) -> 0 | AB10: =SUMIF($B$5:$B$10,V10,$D$5:$D$10)+SUMIF($E$5:$E$10,V10,$C$5:$C$10) -> 0 | AC10: =+AA10-AB10 -> 0 | AD10: =SUMIF($B$5:$B$10,V10,$G$5:$G$10)+SUMIF($E$5:$E$10,V10,$H$5:$H$10) -> 0 | AE10: =SUM(AD10*1000000+AC10*10000+AA10*100+X10*10) -> 0

Sheet Grupp J
B2: Grupp H
B4: Lag | G4: Poäng
B5: ='VM-tipset 2026 mall'!B86 -> Argentina | C5: ='VM-tipset 2026 mall'!C86 | D5: ='VM-tipset 2026 mall'!E86 | E5: ='VM-tipset 2026 mall'!F86 -> Algeriet | G5: =IF(C5="","",IF(C5>D5,3,IF(C5=D5,1,0))) | H5: =IF(D5="","",IF(D5>C5,3,IF(D5=C5,1,0))) | AG5: Grupp J
B6: ='VM-tipset 2026 mall'!B87 -> Österrike | C6: ='VM-tipset 2026 mall'!C87 | D6: ='VM-tipset 2026 mall'!E87 | E6: ='VM-tipset 2026 mall'!F87 -> Jordanien | G6: =IF(C6="","",IF(C6>D6,3,IF(C6=D6,1,0))) | H6: =IF(D6="","",IF(D6>C6,3,IF(D6=C6,1,0))) | K6: Nn | L6: Teams | M6: P | N6: W | O6: D | P6: L | Q6: Ga | R6: Gf | S6: G+/- | T6: Points | U6: rank | V6: Teams | W6: P | X6: W | Y6: D | Z6: L | AA6: Ga | AB6: Gf | AC6: G+/- | AD6: Points | AE6: Criteria for rank | AG6: ='VM-tipset 2026 mall'!BR91 -> Argentina
B7: ='VM-tipset 2026 mall'!B88 -> Argentina | C7: ='VM-tipset 2026 mall'!C88 | D7: ='VM-tipset 2026 mall'!E88 | E7: ='VM-tipset 2026 mall'!F88 -> Österrike | G7: =IF(C7="","",IF(C7>D7,3,IF(C7=D7,1,0))) | H7: =IF(D7="","",IF(D7>C7,3,IF(D7=C7,1,0))) | K7: 1 | L7: =VLOOKUP($K7,$U$6:$AD$10,COLUMNS($L$7:L7)+1,FALSE) -> Argentina | M7: =VLOOKUP($K7,$U$6:$AD$10,COLUMNS($L$7:M7)+1,FALSE) -> 0 | N7: =VLOOKUP($K7,$U$6:$AD$10,COLUMNS($L$7:N7)+1,FALSE) -> 0 | O7: =VLOOKUP($K7,$U$6:$AD$10,COLUMNS($L$7:O7)+1,FALSE) -> 0 | P7: =VLOOKUP($K7,$U$6:$AD$10,COLUMNS($L$7:P7)+1,FALSE) -> 0 | Q7: =VLOOKUP($K7,$U$6:$AD$10,COLUMNS($L$7:Q7)+1,FALSE) -> 0 | R7: =VLOOKUP($K7,$U$6:$AD$10,COLUMNS($L$7:R7)+1,FALSE) -> 0 | S7: =VLOOKUP($K7,$U$6:$AD$10,COLUMNS($L$7:S7)+1,FALSE) -> 0 | T7: =VLOOKUP($K7,$U$6:$AD$10,COLUMNS($L$7:T7)+1,FALSE) -> 0 | U7: =RANK(AE7,$AE$7:$AE$10,0)+COUNTIF($AE$6:AE6,AE7) -> 1 | V7: =+AG6 -> Argentina | W7: =COUNTIFS($B$5:$B$10,V7,$C$5:$C$10,">=0")+COUNTIFS($E$5:$E$10,V7,$D$5:$D$10,">=0") -> 0 | X7: =COUNTIFS($B$5:$B$10,V7,$G$5:$G$10,3)+COUNTIFS($E$5:$E$10,V7,$H$5:$H$10,3) -> 0 | Y7: =COUNTIFS($B$5:$B$10,V7,$G$5:$G$10,1)+COUNTIFS($E$5:$E$10,V7,$H$5:$H$10,1) -> 0 | Z7: =COUNTIFS($B$5:$B$10,V7,$G$5:$G$10,0)+COUNTIFS($E$5:$E$10,V7,$H$5:$H$10,0) -> 0 | AA7: =SUMIF($B$5:$B$10,V7,$C$5:$C$10)+SUMIF($E$5:$E$10,V7,$D$5:$D$10) -> 0 | AB7: =SUMIF($B$5:$B$10,V7,$D$5:$D$10)+SUMIF($E$5:$E$10,V7,$C$5:$C$10) -> 0 | AC7: =+AA7-AB7 -> 0 | AD7: =SUMIF($B$5:$B$10,V7,$G$5:$G$10)+SUMIF($E$5:$E$10,V7,$H$5:$H$10) -> 0 | AE7: =SUM(AD7*1000000+AC7*10000+AA7*100+X7*10) -> 0 | AG7: ='VM-tipset 2026 mall'!BR92 -> Algeriet
B8: ='VM-tipset 2026 mall'!B89 -> Algeriet | C8: ='VM-tipset 2026 mall'!C89 | D8: ='VM-tipset 2026 mall'!E89 | E8: ='VM-tipset 2026 mall'!F89 -> Jordanien | G8: =IF(C8="","",IF(C8>D8,3,IF(C8=D8,1,0))) | H8: =IF(D8="","",IF(D8>C8,3,IF(D8=C8,1,0))) | K8: 2 | L8: =VLOOKUP($K8,$U$6:$AD$10,COLUMNS($L$7:L8)+1,FALSE) -> Algeriet | M8: =VLOOKUP($K8,$U$6:$AD$10,COLUMNS($L$7:M8)+1,FALSE) -> 0 | N8: =VLOOKUP($K8,$U$6:$AD$10,COLUMNS($L$7:N8)+1,FALSE) -> 0 | O8: =VLOOKUP($K8,$U$6:$AD$10,COLUMNS($L$7:O8)+1,FALSE) -> 0 | P8: =VLOOKUP($K8,$U$6:$AD$10,COLUMNS($L$7:P8)+1,FALSE) -> 0 | Q8: =VLOOKUP($K8,$U$6:$AD$10,COLUMNS($L$7:Q8)+1,FALSE) -> 0 | R8: =VLOOKUP($K8,$U$6:$AD$10,COLUMNS($L$7:R8)+1,FALSE) -> 0 | S8: =VLOOKUP($K8,$U$6:$AD$10,COLUMNS($L$7:S8)+1,FALSE) -> 0 | T8: =VLOOKUP($K8,$U$6:$AD$10,COLUMNS($L$7:T8)+1,FALSE) -> 0 | U8: =RANK(AE8,$AE$7:$AE$10,0)+COUNTIF($AE$6:AE7,AE8) -> 2 | V8: =+AG7 -> Algeriet | W8: =COUNTIFS($B$5:$B$10,V8,$C$5:$C$10,">=0")+COUNTIFS($E$5:$E$10,V8,$D$5:$D$10,">=0") -> 0 | X8: =COUNTIFS($B$5:$B$10,V8,$G$5:$G$10,3)+COUNTIFS($E$5:$E$10,V8,$H$5:$H$10,3) -> 0 | Y8: =COUNTIFS($B$5:$B$10,V8,$G$5:$G$10,1)+COUNTIFS($E$5:$E$10,V8,$H$5:$H$10,1) -> 0 | Z8: =COUNTIFS($B$5:$B$10,V8,$G$5:$G$10,0)+COUNTIFS($E$5:$E$10,V8,$H$5:$H$10,0) -> 0 | AA8: =SUMIF($B$5:$B$10,V8,$C$5:$C$10)+SUMIF($E$5:$E$10,V8,$D$5:$D$10) -> 0 | AB8: =SUMIF($B$5:$B$10,V8,$D$5:$D$10)+SUMIF($E$5:$E$10,V8,$C$5:$C$10) -> 0 | AC8: =+AA8-AB8 -> 0 | AD8: =SUMIF($B$5:$B$10,V8,$G$5:$G$10)+SUMIF($E$5:$E$10,V8,$H$5:$H$10) -> 0 | AE8: =SUM(AD8*1000000+AC8*10000+AA8*100+X8*10) -> 0 | AG8: ='VM-tipset 2026 mall'!BR93 -> Österrike
B9: ='VM-tipset 2026 mall'!B90 -> Argentina | C9: ='VM-tipset 2026 mall'!C90 | D9: ='VM-tipset 2026 mall'!E90 | E9: ='VM-tipset 2026 mall'!F90 -> Jordanien | G9: =IF(C9="","",IF(C9>D9,3,IF(C9=D9,1,0))) | H9: =IF(D9="","",IF(D9>C9,3,IF(D9=C9,1,0))) | K9: 3 | L9: =VLOOKUP($K9,$U$6:$AD$10,COLUMNS($L$7:L9)+1,FALSE) -> Österrike | M9: =VLOOKUP($K9,$U$6:$AD$10,COLUMNS($L$7:M9)+1,FALSE) -> 0 | N9: =VLOOKUP($K9,$U$6:$AD$10,COLUMNS($L$7:N9)+1,FALSE) -> 0 | O9: =VLOOKUP($K9,$U$6:$AD$10,COLUMNS($L$7:O9)+1,FALSE) -> 0 | P9: =VLOOKUP($K9,$U$6:$AD$10,COLUMNS($L$7:P9)+1,FALSE) -> 0 | Q9: =VLOOKUP($K9,$U$6:$AD$10,COLUMNS($L$7:Q9)+1,FALSE) -> 0 | R9: =VLOOKUP($K9,$U$6:$AD$10,COLUMNS($L$7:R9)+1,FALSE) -> 0 | S9: =VLOOKUP($K9,$U$6:$AD$10,COLUMNS($L$7:S9)+1,FALSE) -> 0 | T9: =VLOOKUP($K9,$U$6:$AD$10,COLUMNS($L$7:T9)+1,FALSE) -> 0 | U9: =RANK(AE9,$AE$7:$AE$10,0)+COUNTIF($AE$6:AE8,AE9) -> 3 | V9: =+AG8 -> Österrike | W9: =COUNTIFS($B$5:$B$10,V9,$C$5:$C$10,">=0")+COUNTIFS($E$5:$E$10,V9,$D$5:$D$10,">=0") -> 0 | X9: =COUNTIFS($B$5:$B$10,V9,$G$5:$G$10,3)+COUNTIFS($E$5:$E$10,V9,$H$5:$H$10,3) -> 0 | Y9: =COUNTIFS($B$5:$B$10,V9,$G$5:$G$10,1)+COUNTIFS($E$5:$E$10,V9,$H$5:$H$10,1) -> 0 | Z9: =COUNTIFS($B$5:$B$10,V9,$G$5:$G$10,0)+COUNTIFS($E$5:$E$10,V9,$H$5:$H$10,0) -> 0 | AA9: =SUMIF($B$5:$B$10,V9,$C$5:$C$10)+SUMIF($E$5:$E$10,V9,$D$5:$D$10) -> 0 | AB9: =SUMIF($B$5:$B$10,V9,$D$5:$D$10)+SUMIF($E$5:$E$10,V9,$C$5:$C$10) -> 0 | AC9: =+AA9-AB9 -> 0 | AD9: =SUMIF($B$5:$B$10,V9,$G$5:$G$10)+SUMIF($E$5:$E$10,V9,$H$5:$H$10) -> 0 | AE9: =SUM(AD9*1000000+AC9*10000+AA9*100+X9*10) -> 0 | AG9: ='VM-tipset 2026 mall'!BR94 -> Jordanien
B10: ='VM-tipset 2026 mall'!B91 -> Algeriet | C10: ='VM-tipset 2026 mall'!C91 | D10: ='VM-tipset 2026 mall'!E91 | E10: ='VM-tipset 2026 mall'!F91 -> Österrike | G10: =IF(C10="","",IF(C10>D10,3,IF(C10=D10,1,0))) | H10: =IF(D10="","",IF(D10>C10,3,IF(D10=C10,1,0))) | K10: 4 | L10: =VLOOKUP($K10,$U$6:$AD$10,COLUMNS($L$7:L10)+1,FALSE) -> Jordanien | M10: =VLOOKUP($K10,$U$6:$AD$10,COLUMNS($L$7:M10)+1,FALSE) -> 0 | N10: =VLOOKUP($K10,$U$6:$AD$10,COLUMNS($L$7:N10)+1,FALSE) -> 0 | O10: =VLOOKUP($K10,$U$6:$AD$10,COLUMNS($L$7:O10)+1,FALSE) -> 0 | P10: =VLOOKUP($K10,$U$6:$AD$10,COLUMNS($L$7:P10)+1,FALSE) -> 0 | Q10: =VLOOKUP($K10,$U$6:$AD$10,COLUMNS($L$7:Q10)+1,FALSE) -> 0 | R10: =VLOOKUP($K10,$U$6:$AD$10,COLUMNS($L$7:R10)+1,FALSE) -> 0 | S10: =VLOOKUP($K10,$U$6:$AD$10,COLUMNS($L$7:S10)+1,FALSE) -> 0 | T10: =VLOOKUP($K10,$U$6:$AD$10,COLUMNS($L$7:T10)+1,FALSE) -> 0 | U10: =RANK(AE10,$AE$7:$AE$10,0)+COUNTIF($AE$6:AE9,AE10) -> 4 | V10: =+AG9 -> Jordanien | W10: =COUNTIFS($B$5:$B$10,V10,$C$5:$C$10,">=0")+COUNTIFS($E$5:$E$10,V10,$D$5:$D$10,">=0") -> 0 | X10: =COUNTIFS($B$5:$B$10,V10,$G$5:$G$10,3)+COUNTIFS($E$5:$E$10,V10,$H$5:$H$10,3) -> 0 | Y10: =COUNTIFS($B$5:$B$10,V10,$G$5:$G$10,1)+COUNTIFS($E$5:$E$10,V10,$H$5:$H$10,1) -> 0 | Z10: =COUNTIFS($B$5:$B$10,V10,$G$5:$G$10,0)+COUNTIFS($E$5:$E$10,V10,$H$5:$H$10,0) -> 0 | AA10: =SUMIF($B$5:$B$10,V10,$C$5:$C$10)+SUMIF($E$5:$E$10,V10,$D$5:$D$10) -> 0 | AB10: =SUMIF($B$5:$B$10,V10,$D$5:$D$10)+SUMIF($E$5:$E$10,V10,$C$5:$C$10) -> 0 | AC10: =+AA10-AB10 -> 0 | AD10: =SUMIF($B$5:$B$10,V10,$G$5:$G$10)+SUMIF($E$5:$E$10,V10,$H$5:$H$10) -> 0 | AE10: =SUM(AD10*1000000+AC10*10000+AA10*100+X10*10) -> 0

Sheet Grupp K
B2: Grupp H
B4: Lag | G4: Poäng
B5: ='VM-tipset 2026 mall'!B94 -> Portugal | C5: ='VM-tipset 2026 mall'!C94 | D5: ='VM-tipset 2026 mall'!E94 | E5: ='VM-tipset 2026 mall'!F94 -> DR Kongo | G5: =IF(C5="","",IF(C5>D5,3,IF(C5=D5,1,0))) | H5: =IF(D5="","",IF(D5>C5,3,IF(D5=C5,1,0))) | AG5: Grupp K
B6: ='VM-tipset 2026 mall'!B95 -> Uzbekistan | C6: ='VM-tipset 2026 mall'!C95 | D6: ='VM-tipset 2026 mall'!E95 | E6: ='VM-tipset 2026 mall'!F95 -> Colombia | G6: =IF(C6="","",IF(C6>D6,3,IF(C6=D6,1,0))) | H6: =IF(D6="","",IF(D6>C6,3,IF(D6=C6,1,0))) | K6: Nn | L6: Teams | M6: P | N6: W | O6: D | P6: L | Q6: Ga | R6: Gf | S6: G+/- | T6: Points | U6: rank | V6: Teams | W6: P | X6: W | Y6: D | Z6: L | AA6: Ga | AB6: Gf | AC6: G+/- | AD6: Points | AE6: Criteria for rank | AG6: ='VM-tipset 2026 mall'!BR96 -> Portugal
B7: ='VM-tipset 2026 mall'!B96 -> Portugal | C7: ='VM-tipset 2026 mall'!C96 | D7: ='VM-tipset 2026 mall'!E96 | E7: ='VM-tipset 2026 mall'!F96 -> Uzbekistan | G7: =IF(C7="","",IF(C7>D7,3,IF(C7=D7,1,0))) | H7: =IF(D7="","",IF(D7>C7,3,IF(D7=C7,1,0))) | K7: 1 | L7: =VLOOKUP($K7,$U$6:$AD$10,COLUMNS($L$7:L7)+1,FALSE) -> Portugal | M7: =VLOOKUP($K7,$U$6:$AD$10,COLUMNS($L$7:M7)+1,FALSE) -> 0 | N7: =VLOOKUP($K7,$U$6:$AD$10,COLUMNS($L$7:N7)+1,FALSE) -> 0 | O7: =VLOOKUP($K7,$U$6:$AD$10,COLUMNS($L$7:O7)+1,FALSE) -> 0 | P7: =VLOOKUP($K7,$U$6:$AD$10,COLUMNS($L$7:P7)+1,FALSE) -> 0 | Q7: =VLOOKUP($K7,$U$6:$AD$10,COLUMNS($L$7:Q7)+1,FALSE) -> 0 | R7: =VLOOKUP($K7,$U$6:$AD$10,COLUMNS($L$7:R7)+1,FALSE) -> 0 | S7: =VLOOKUP($K7,$U$6:$AD$10,COLUMNS($L$7:S7)+1,FALSE) -> 0 | T7: =VLOOKUP($K7,$U$6:$AD$10,COLUMNS($L$7:T7)+1,FALSE) -> 0 | U7: =RANK(AE7,$AE$7:$AE$10,0)+COUNTIF($AE$6:AE6,AE7) -> 1 | V7: =+AG6 -> Portugal | W7: =COUNTIFS($B$5:$B$10,V7,$C$5:$C$10,">=0")+COUNTIFS($E$5:$E$10,V7,$D$5:$D$10,">=0") -> 0 | X7: =COUNTIFS($B$5:$B$10,V7,$G$5:$G$10,3)+COUNTIFS($E$5:$E$10,V7,$H$5:$H$10,3) -> 0 | Y7: =COUNTIFS($B$5:$B$10,V7,$G$5:$G$10,1)+COUNTIFS($E$5:$E$10,V7,$H$5:$H$10,1) -> 0 | Z7: =COUNTIFS($B$5:$B$10,V7,$G$5:$G$10,0)+COUNTIFS($E$5:$E$10,V7,$H$5:$H$10,0) -> 0 | AA7: =SUMIF($B$5:$B$10,V7,$C$5:$C$10)+SUMIF($E$5:$E$10,V7,$D$5:$D$10) -> 0 | AB7: =SUMIF($B$5:$B$10,V7,$D$5:$D$10)+SUMIF($E$5:$E$10,V7,$C$5:$C$10) -> 0 | AC7: =+AA7-AB7 -> 0 | AD7: =SUMIF($B$5:$B$10,V7,$G$5:$G$10)+SUMIF($E$5:$E$10,V7,$H$5:$H$10) -> 0 | AE7: =SUM(AD7*1000000+AC7*10000+AA7*100+X7*10) -> 0 | AG7: ='VM-tipset 2026 mall'!BR97 -> DR Kongo
B8: ='VM-tipset 2026 mall'!B97 -> DR Kongo | C8: ='VM-tipset 2026 mall'!C97 | D8: ='VM-tipset 2026 mall'!E97 | E8: ='VM-tipset 2026 mall'!F97 -> Colombia | G8: =IF(C8="","",IF(C8>D8,3,IF(C8=D8,1,0))) | H8: =IF(D8="","",IF(D8>C8,3,IF(D8=C8,1,0))) | K8: 2 | L8: =VLOOKUP($K8,$U$6:$AD$10,COLUMNS($L$7:L8)+1,FALSE) -> DR Kongo | M8: =VLOOKUP($K8,$U$6:$AD$10,COLUMNS($L$7:M8)+1,FALSE) -> 0 | N8: =VLOOKUP($K8,$U$6:$AD$10,COLUMNS($L$7:N8)+1,FALSE) -> 0 | O8: =VLOOKUP($K8,$U$6:$AD$10,COLUMNS($L$7:O8)+1,FALSE) -> 0 | P8: =VLOOKUP($K8,$U$6:$AD$10,COLUMNS($L$7:P8)+1,FALSE) -> 0 | Q8: =VLOOKUP($K8,$U$6:$AD$10,COLUMNS($L$7:Q8)+1,FALSE) -> 0 | R8: =VLOOKUP($K8,$U$6:$AD$10,COLUMNS($L$7:R8)+1,FALSE) -> 0 | S8: =VLOOKUP($K8,$U$6:$AD$10,COLUMNS($L$7:S8)+1,FALSE) -> 0 | T8: =VLOOKUP($K8,$U$6:$AD$10,COLUMNS($L$7:T8)+1,FALSE) -> 0 | U8: =RANK(AE8,$AE$7:$AE$10,0)+COUNTIF($AE$6:AE7,AE8) -> 2 | V8: =+AG7 -> DR Kongo | W8: =COUNTIFS($B$5:$B$10,V8,$C$5:$C$10,">=0")+COUNTIFS($E$5:$E$10,V8,$D$5:$D$10,">=0") -> 0 | X8: =COUNTIFS($B$5:$B$10,V8,$G$5:$G$10,3)+COUNTIFS($E$5:$E$10,V8,$H$5:$H$10,3) -> 0 | Y8: =COUNTIFS($B$5:$B$10,V8,$G$5:$G$10,1)+COUNTIFS($E$5:$E$10,V8,$H$5:$H$10,1) -> 0 | Z8: =COUNTIFS($B$5:$B$10,V8,$G$5:$G$10,0)+COUNTIFS($E$5:$E$10,V8,$H$5:$H$10,0) -> 0 | AA8: =SUMIF($B$5:$B$10,V8,$C$5:$C$10)+SUMIF($E$5:$E$10,V8,$D$5:$D$10) -> 0 | AB8: =SUMIF($B$5:$B$10,V8,$D$5:$D$10)+SUMIF($E$5:$E$10,V8,$C$5:$C$10) -> 0 | AC8: =+AA8-AB8 -> 0 | AD8: =SUMIF($B$5:$B$10,V8,$G$5:$G$10)+SUMIF($E$5:$E$10,V8,$H$5:$H$10) -> 0 | AE8: =SUM(AD8*1000000+AC8*10000+AA8*100+X8*10) -> 0 | AG8: ='VM-tipset 2026 mall'!BR98 -> Uzbekistan
B9: ='VM-tipset 2026 mall'!B98 -> Portugal | C9: ='VM-tipset 2026 mall'!C98 | D9: ='VM-tipset 2026 mall'!E98 | E9: ='VM-tipset 2026 mall'!F98 -> Colombia | G9: =IF(C9="","",IF(C9>D9,3,IF(C9=D9,1,0))) | H9: =IF(D9="","",IF(D9>C9,3,IF(D9=C9,1,0))) | K9: 3 | L9: =VLOOKUP($K9,$U$6:$AD$10,COLUMNS($L$7:L9)+1,FALSE) -> Uzbekistan | M9: =VLOOKUP($K9,$U$6:$AD$10,COLUMNS($L$7:M9)+1,FALSE) -> 0 | N9: =VLOOKUP($K9,$U$6:$AD$10,COLUMNS($L$7:N9)+1,FALSE) -> 0 | O9: =VLOOKUP($K9,$U$6:$AD$10,COLUMNS($L$7:O9)+1,FALSE) -> 0 | P9: =VLOOKUP($K9,$U$6:$AD$10,COLUMNS($L$7:P9)+1,FALSE) -> 0 | Q9: =VLOOKUP($K9,$U$6:$AD$10,COLUMNS($L$7:Q9)+1,FALSE) -> 0 | R9: =VLOOKUP($K9,$U$6:$AD$10,COLUMNS($L$7:R9)+1,FALSE) -> 0 | S9: =VLOOKUP($K9,$U$6:$AD$10,COLUMNS($L$7:S9)+1,FALSE) -> 0 | T9: =VLOOKUP($K9,$U$6:$AD$10,COLUMNS($L$7:T9)+1,FALSE) -> 0 | U9: =RANK(AE9,$AE$7:$AE$10,0)+COUNTIF($AE$6:AE8,AE9) -> 3 | V9: =+AG8 -> Uzbekistan | W9: =COUNTIFS($B$5:$B$10,V9,$C$5:$C$10,">=0")+COUNTIFS($E$5:$E$10,V9,$D$5:$D$10,">=0") -> 0 | X9: =COUNTIFS($B$5:$B$10,V9,$G$5:$G$10,3)+COUNTIFS($E$5:$E$10,V9,$H$5:$H$10,3) -> 0 | Y9: =COUNTIFS($B$5:$B$10,V9,$G$5:$G$10,1)+COUNTIFS($E$5:$E$10,V9,$H$5:$H$10,1) -> 0 | Z9: =COUNTIFS($B$5:$B$10,V9,$G$5:$G$10,0)+COUNTIFS($E$5:$E$10,V9,$H$5:$H$10,0) -> 0 | AA9: =SUMIF($B$5:$B$10,V9,$C$5:$C$10)+SUMIF($E$5:$E$10,V9,$D$5:$D$10) -> 0 | AB9: =SUMIF($B$5:$B$10,V9,$D$5:$D$10)+SUMIF($E$5:$E$10,V9,$C$5:$C$10) -> 0 | AC9: =+AA9-AB9 -> 0 | AD9: =SUMIF($B$5:$B$10,V9,$G$5:$G$10)+SUMIF($E$5:$E$10,V9,$H$5:$H$10) -> 0 | AE9: =SUM(AD9*1000000+AC9*10000+AA9*100+X9*10) -> 0 | AG9: ='VM-tipset 2026 mall'!BR99 -> Colombia
B10: ='VM-tipset 2026 mall'!B99 -> DR Kongo | C10: ='VM-tipset 2026 mall'!C99 | D10: ='VM-tipset 2026 mall'!E99 | E10: ='VM-tipset 2026 mall'!F99 -> Uzbekistan | G10: =IF(C10="","",IF(C10>D10,3,IF(C10=D10,1,0))) | H10: =IF(D10="","",IF(D10>C10,3,IF(D10=C10,1,0))) | K10: 4 | L10: =VLOOKUP($K10,$U$6:$AD$10,COLUMNS($L$7:L10)+1,FALSE) -> Colombia | M10: =VLOOKUP($K10,$U$6:$AD$10,COLUMNS($L$7:M10)+1,FALSE) -> 0 | N10: =VLOOKUP($K10,$U$6:$AD$10,COLUMNS($L$7:N10)+1,FALSE) -> 0 | O10: =VLOOKUP($K10,$U$6:$AD$10,COLUMNS($L$7:O10)+1,FALSE) -> 0 | P10: =VLOOKUP($K10,$U$6:$AD$10,COLUMNS($L$7:P10)+1,FALSE) -> 0 | Q10: =VLOOKUP($K10,$U$6:$AD$10,COLUMNS($L$7:Q10)+1,FALSE) -> 0 | R10: =VLOOKUP($K10,$U$6:$AD$10,COLUMNS($L$7:R10)+1,FALSE) -> 0 | S10: =VLOOKUP($K10,$U$6:$AD$10,COLUMNS($L$7:S10)+1,FALSE) -> 0 | T10: =VLOOKUP($K10,$U$6:$AD$10,COLUMNS($L$7:T10)+1,FALSE) -> 0 | U10: =RANK(AE10,$AE$7:$AE$10,0)+COUNTIF($AE$6:AE9,AE10) -> 4 | V10: =+AG9 -> Colombia | W10: =COUNTIFS($B$5:$B$10,V10,$C$5:$C$10,">=0")+COUNTIFS($E$5:$E$10,V10,$D$5:$D$10,">=0") -> 0 | X10: =COUNTIFS($B$5:$B$10,V10,$G$5:$G$10,3)+COUNTIFS($E$5:$E$10,V10,$H$5:$H$10,3) -> 0 | Y10: =COUNTIFS($B$5:$B$10,V10,$G$5:$G$10,1)+COUNTIFS($E$5:$E$10,V10,$H$5:$H$10,1) -> 0 | Z10: =COUNTIFS($B$5:$B$10,V10,$G$5:$G$10,0)+COUNTIFS($E$5:$E$10,V10,$H$5:$H$10,0) -> 0 | AA10: =SUMIF($B$5:$B$10,V10,$C$5:$C$10)+SUMIF($E$5:$E$10,V10,$D$5:$D$10) -> 0 | AB10: =SUMIF($B$5:$B$10,V10,$D$5:$D$10)+SUMIF($E$5:$E$10,V10,$C$5:$C$10) -> 0 | AC10: =+AA10-AB10 -> 0 | AD10: =SUMIF($B$5:$B$10,V10,$G$5:$G$10)+SUMIF($E$5:$E$10,V10,$H$5:$H$10) -> 0 | AE10: =SUM(AD10*1000000+AC10*10000+AA10*100+X10*10) -> 0

Sheet Grupp L
B2: Grupp H
B4: Lag | G4: Poäng
B5: ='VM-tipset 2026 mall'!B102 -> England | C5: ='VM-tipset 2026 mall'!C102 | D5: ='VM-tipset 2026 mall'!E102 | E5: ='VM-tipset 2026 mall'!F102 -> Kroatien | G5: =IF(C5="","",IF(C5>D5,3,IF(C5=D5,1,0))) | H5: =IF(D5="","",IF(D5>C5,3,IF(D5=C5,1,0))) | AG5: Grupp L
B6: ='VM-tipset 2026 mall'!B103 -> Ghana | C6: ='VM-tipset 2026 mall'!C103 | D6: ='VM-tipset 2026 mall'!E103 | E6: ='VM-tipset 2026 mall'!F103 -> Panama | G6: =IF(C6="","",IF(C6>D6,3,IF(C6=D6,1,0))) | H6: =IF(D6="","",IF(D6>C6,3,IF(D6=C6,1,0))) | K6: Nn | L6: Teams | M6: P | N6: W | O6: D | P6: L | Q6: Ga | R6: Gf | S6: G+/- | T6: Points | U6: rank | V6: Teams | W6: P | X6: W | Y6: D | Z6: L | AA6: Ga | AB6: Gf | AC6: G+/- | AD6: Points | AE6: Criteria for rank | AG6: ='VM-tipset 2026 mall'!BR101 -> England
B7: ='VM-tipset 2026 mall'!B104 -> England | C7: ='VM-tipset 2026 mall'!C104 | D7: ='VM-tipset 2026 mall'!E104 | E7: ='VM-tipset 2026 mall'!F104 -> Ghana | G7: =IF(C7="","",IF(C7>D7,3,IF(C7=D7,1,0))) | H7: =IF(D7="","",IF(D7>C7,3,IF(D7=C7,1,0))) | K7: 1 | L7: =VLOOKUP($K7,$U$6:$AD$10,COLUMNS($L$7:L7)+1,FALSE) -> England | M7: =VLOOKUP($K7,$U$6:$AD$10,COLUMNS($L$7:M7)+1,FALSE) -> 0 | N7: =VLOOKUP($K7,$U$6:$AD$10,COLUMNS($L$7:N7)+1,FALSE) -> 0 | O7: =VLOOKUP($K7,$U$6:$AD$10,COLUMNS($L$7:O7)+1,FALSE) -> 0 | P7: =VLOOKUP($K7,$U$6:$AD$10,COLUMNS($L$7:P7)+1,FALSE) -> 0 | Q7: =VLOOKUP($K7,$U$6:$AD$10,COLUMNS($L$7:Q7)+1,FALSE) -> 0 | R7: =VLOOKUP($K7,$U$6:$AD$10,COLUMNS($L$7:R7)+1,FALSE) -> 0 | S7: =VLOOKUP($K7,$U$6:$AD$10,COLUMNS($L$7:S7)+1,FALSE) -> 0 | T7: =VLOOKUP($K7,$U$6:$AD$10,COLUMNS($L$7:T7)+1,FALSE) -> 0 | U7: =RANK(AE7,$AE$7:$AE$10,0)+COUNTIF($AE$6:AE6,AE7) -> 1 | V7: =+AG6 -> England | W7: =COUNTIFS($B$5:$B$10,V7,$C$5:$C$10,">=0")+COUNTIFS($E$5:$E$10,V7,$D$5:$D$10,">=0") -> 0 | X7: =COUNTIFS($B$5:$B$10,V7,$G$5:$G$10,3)+COUNTIFS($E$5:$E$10,V7,$H$5:$H$10,3) -> 0 | Y7: =COUNTIFS($B$5:$B$10,V7,$G$5:$G$10,1)+COUNTIFS($E$5:$E$10,V7,$H$5:$H$10,1) -> 0 | Z7: =COUNTIFS($B$5:$B$10,V7,$G$5:$G$10,0)+COUNTIFS($E$5:$E$10,V7,$H$5:$H$10,0) -> 0 | AA7: =SUMIF($B$5:$B$10,V7,$C$5:$C$10)+SUMIF($E$5:$E$10,V7,$D$5:$D$10) -> 0 | AB7: =SUMIF($B$5:$B$10,V7,$D$5:$D$10)+SUMIF($E$5:$E$10,V7,$C$5:$C$10) -> 0 | AC7: =+AA7-AB7 -> 0 | AD7: =SUMIF($B$5:$B$10,V7,$G$5:$G$10)+SUMIF($E$5:$E$10,V7,$H$5:$H$10) -> 0 | AE7: =SUM(AD7*1000000+AC7*10000+AA7*100+X7*10) -> 0 | AG7: ='VM-tipset 2026 mall'!BR102 -> Kroatien
B8: ='VM-tipset 2026 mall'!B105 -> Kroatien | C8: ='VM-tipset 2026 mall'!C105 | D8: ='VM-tipset 2026 mall'!E105 | E8: ='VM-tipset 2026 mall'!F105 -> Panama | G8: =IF(C8="","",IF(C8>D8,3,IF(C8=D8,1,0))) | H8: =IF(D8="","",IF(D8>C8,3,IF(D8=C8,1,0))) | K8: 2 | L8: =VLOOKUP($K8,$U$6:$AD$10,COLUMNS($L$7:L8)+1,FALSE) -> Kroatien | M8: =VLOOKUP($K8,$U$6:$AD$10,COLUMNS($L$7:M8)+1,FALSE) -> 0 | N8: =VLOOKUP($K8,$U$6:$AD$10,COLUMNS($L$7:N8)+1,FALSE) -> 0 | O8: =VLOOKUP($K8,$U$6:$AD$10,COLUMNS($L$7:O8)+1,FALSE) -> 0 | P8: =VLOOKUP($K8,$U$6:$AD$10,COLUMNS($L$7:P8)+1,FALSE) -> 0 | Q8: =VLOOKUP($K8,$U$6:$AD$10,COLUMNS($L$7:Q8)+1,FALSE) -> 0 | R8: =VLOOKUP($K8,$U$6:$AD$10,COLUMNS($L$7:R8)+1,FALSE) -> 0 | S8: =VLOOKUP($K8,$U$6:$AD$10,COLUMNS($L$7:S8)+1,FALSE) -> 0 | T8: =VLOOKUP($K8,$U$6:$AD$10,COLUMNS($L$7:T8)+1,FALSE) -> 0 | U8: =RANK(AE8,$AE$7:$AE$10,0)+COUNTIF($AE$6:AE7,AE8) -> 2 | V8: =+AG7 -> Kroatien | W8: =COUNTIFS($B$5:$B$10,V8,$C$5:$C$10,">=0")+COUNTIFS($E$5:$E$10,V8,$D$5:$D$10,">=0") -> 0 | X8: =COUNTIFS($B$5:$B$10,V8,$G$5:$G$10,3)+COUNTIFS($E$5:$E$10,V8,$H$5:$H$10,3) -> 0 | Y8: =COUNTIFS($B$5:$B$10,V8,$G$5:$G$10,1)+COUNTIFS($E$5:$E$10,V8,$H$5:$H$10,1) -> 0 | Z8: =COUNTIFS($B$5:$B$10,V8,$G$5:$G$10,0)+COUNTIFS($E$5:$E$10,V8,$H$5:$H$10,0) -> 0 | AA8: =SUMIF($B$5:$B$10,V8,$C$5:$C$10)+SUMIF($E$5:$E$10,V8,$D$5:$D$10) -> 0 | AB8: =SUMIF($B$5:$B$10,V8,$D$5:$D$10)+SUMIF($E$5:$E$10,V8,$C$5:$C$10) -> 0 | AC8: =+AA8-AB8 -> 0 | AD8: =SUMIF($B$5:$B$10,V8,$G$5:$G$10)+SUMIF($E$5:$E$10,V8,$H$5:$H$10) -> 0 | AE8: =SUM(AD8*1000000+AC8*10000+AA8*100+X8*10) -> 0 | AG8: ='VM-tipset 2026 mall'!BR103 -> Ghana
B9: ='VM-tipset 2026 mall'!B106 -> England | C9: ='VM-tipset 2026 mall'!C106 | D9: ='VM-tipset 2026 mall'!E106 | E9: ='VM-tipset 2026 mall'!F106 -> Panama | G9: =IF(C9="","",IF(C9>D9,3,IF(C9=D9,1,0))) | H9: =IF(D9="","",IF(D9>C9,3,IF(D9=C9,1,0))) | K9: 3 | L9: =VLOOKUP($K9,$U$6:$AD$10,COLUMNS($L$7:L9)+1,FALSE) -> Ghana | M9: =VLOOKUP($K9,$U$6:$AD$10,COLUMNS($L$7:M9)+1,FALSE) -> 0 | N9: =VLOOKUP($K9,$U$6:$AD$10,COLUMNS($L$7:N9)+1,FALSE) -> 0 | O9: =VLOOKUP($K9,$U$6:$AD$10,COLUMNS($L$7:O9)+1,FALSE) -> 0 | P9: =VLOOKUP($K9,$U$6:$AD$10,COLUMNS($L$7:P9)+1,FALSE) -> 0 | Q9: =VLOOKUP($K9,$U$6:$AD$10,COLUMNS($L$7:Q9)+1,FALSE) -> 0 | R9: =VLOOKUP($K9,$U$6:$AD$10,COLUMNS($L$7:R9)+1,FALSE) -> 0 | S9: =VLOOKUP($K9,$U$6:$AD$10,COLUMNS($L$7:S9)+1,FALSE) -> 0 | T9: =VLOOKUP($K9,$U$6:$AD$10,COLUMNS($L$7:T9)+1,FALSE) -> 0 | U9: =RANK(AE9,$AE$7:$AE$10,0)+COUNTIF($AE$6:AE8,AE9) -> 3 | V9: =+AG8 -> Ghana | W9: =COUNTIFS($B$5:$B$10,V9,$C$5:$C$10,">=0")+COUNTIFS($E$5:$E$10,V9,$D$5:$D$10,">=0") -> 0 | X9: =COUNTIFS($B$5:$B$10,V9,$G$5:$G$10,3)+COUNTIFS($E$5:$E$10,V9,$H$5:$H$10,3) -> 0 | Y9: =COUNTIFS($B$5:$B$10,V9,$G$5:$G$10,1)+COUNTIFS($E$5:$E$10,V9,$H$5:$H$10,1) -> 0 | Z9: =COUNTIFS($B$5:$B$10,V9,$G$5:$G$10,0)+COUNTIFS($E$5:$E$10,V9,$H$5:$H$10,0) -> 0 | AA9: =SUMIF($B$5:$B$10,V9,$C$5:$C$10)+SUMIF($E$5:$E$10,V9,$D$5:$D$10) -> 0 | AB9: =SUMIF($B$5:$B$10,V9,$D$5:$D$10)+SUMIF($E$5:$E$10,V9,$C$5:$C$10) -> 0 | AC9: =+AA9-AB9 -> 0 | AD9: =SUMIF($B$5:$B$10,V9,$G$5:$G$10)+SUMIF($E$5:$E$10,V9,$H$5:$H$10) -> 0 | AE9: =SUM(AD9*1000000+AC9*10000+AA9*100+X9*10) -> 0 | AG9: ='VM-tipset 2026 mall'!BR104 -> Panama
B10: ='VM-tipset 2026 mall'!B107 -> Kroatien | C10: ='VM-tipset 2026 mall'!C107 | D10: ='VM-tipset 2026 mall'!E107 | E10: ='VM-tipset 2026 mall'!F107 -> Ghana | G10: =IF(C10="","",IF(C10>D10,3,IF(C10=D10,1,0))) | H10: =IF(D10="","",IF(D10>C10,3,IF(D10=C10,1,0))) | K10: 4 | L10: =VLOOKUP($K10,$U$6:$AD$10,COLUMNS($L$7:L10)+1,FALSE) -> Panama | M10: =VLOOKUP($K10,$U$6:$AD$10,COLUMNS($L$7:M10)+1,FALSE) -> 0 | N10: =VLOOKUP($K10,$U$6:$AD$10,COLUMNS($L$7:N10)+1,FALSE) -> 0 | O10: =VLOOKUP($K10,$U$6:$AD$10,COLUMNS($L$7:O10)+1,FALSE) -> 0 | P10: =VLOOKUP($K10,$U$6:$AD$10,COLUMNS($L$7:P10)+1,FALSE) -> 0 | Q10: =VLOOKUP($K10,$U$6:$AD$10,COLUMNS($L$7:Q10)+1,FALSE) -> 0 | R10: =VLOOKUP($K10,$U$6:$AD$10,COLUMNS($L$7:R10)+1,FALSE) -> 0 | S10: =VLOOKUP($K10,$U$6:$AD$10,COLUMNS($L$7:S10)+1,FALSE) -> 0 | T10: =VLOOKUP($K10,$U$6:$AD$10,COLUMNS($L$7:T10)+1,FALSE) -> 0 | U10: =RANK(AE10,$AE$7:$AE$10,0)+COUNTIF($AE$6:AE9,AE10) -> 4 | V10: =+AG9 -> Panama | W10: =COUNTIFS($B$5:$B$10,V10,$C$5:$C$10,">=0")+COUNTIFS($E$5:$E$10,V10,$D$5:$D$10,">=0") -> 0 | X10: =COUNTIFS($B$5:$B$10,V10,$G$5:$G$10,3)+COUNTIFS($E$5:$E$10,V10,$H$5:$H$10,3) -> 0 | Y10: =COUNTIFS($B$5:$B$10,V10,$G$5:$G$10,1)+COUNTIFS($E$5:$E$10,V10,$H$5:$H$10,1) -> 0 | Z10: =COUNTIFS($B$5:$B$10,V10,$G$5:$G$10,0)+COUNTIFS($E$5:$E$10,V10,$H$5:$H$10,0) -> 0 | AA10: =SUMIF($B$5:$B$10,V10,$C$5:$C$10)+SUMIF($E$5:$E$10,V10,$D$5:$D$10) -> 0 | AB10: =SUMIF($B$5:$B$10,V10,$D$5:$D$10)+SUMIF($E$5:$E$10,V10,$C$5:$C$10) -> 0 | AC10: =+AA10-AB10 -> 0 | AD10: =SUMIF($B$5:$B$10,V10,$G$5:$G$10)+SUMIF($E$5:$E$10,V10,$H$5:$H$10) -> 0 | AE10: =SUM(AD10*1000000+AC10*10000+AA10*100+X10*10) -> 0
